Date,Price,Open,High,Low,Vol.(Millions),Change
30-12-2022,123.18,119.95,124.48,119.75,157.78,0.0112
29-12-2022,121.82,120.39,123.57,117.5,221.92,0.0808
28-12-2022,112.71,110.35,116.27,108.24,221.07,0.0331
27-12-2022,109.1,117.5,119.67,108.76,208.64,-0.1141
23-12-2022,123.15,126.37,128.62,121.02,166.99,-0.0176
22-12-2022,125.35,136,136.63,122.26,210.09,-0.0888
21-12-2022,137.57,139.34,141.26,135.89,145.42,-0.0017
20-12-2022,137.8,146.05,148.47,137.66,159.56,-0.0805
19-12-2022,149.87,154,155.25,145.82,139.39,-0.0024
16-12-2022,150.23,159.63,160.99,150.04,139.03,-0.0472
15-12-2022,157.67,153.44,160.93,153.28,122.33,0.0055
14-12-2022,156.8,159.25,161.62,155.31,140.68,-0.0258
13-12-2022,160.95,174.87,175.05,156.91,175.86,-0.0409
12-12-2022,167.82,176.1,177.37,167.52,109.79,-0.0627
09-12-2022,179.05,173.84,182.5,173.36,104.87,0.0323
08-12-2022,173.44,172.2,175.2,169.06,97.62,-0.0034
07-12-2022,174.04,175.03,179.38,172.22,84.21,-0.0321
06-12-2022,179.82,181.21,183.65,175.33,92.15,-0.0144
05-12-2022,182.45,189.44,191.27,180.55,93.12,-0.0637
02-12-2022,194.86,191.78,196.25,191.11,73.65,0.0008
30-11-2022,194.7,182.43,194.76,180.63,109.19,0.0767
29-11-2022,180.83,184.99,186.38,178.75,83.36,-0.0114
28-11-2022,182.92,179.96,188.5,179,93.04,0.0003
25-11-2022,182.86,185.06,185.2,180.63,50.67,-0.0019
23-11-2022,183.2,173.57,183.62,172.5,109.54,0.0782
22-11-2022,169.91,168.63,170.92,166.18,78.45,0.0122
21-11-2022,167.87,175.85,176.77,167.54,92.88,-0.0684
18-11-2022,180.19,185.05,185.19,176.55,76.05,-0.0163
17-11-2022,183.17,183.96,186.16,180.9,64.34,-0.0201
16-11-2022,186.92,191.51,192.57,185.66,66.57,-0.0386
15-11-2022,194.42,195.88,200.82,192.06,91.29,0.0182
14-11-2022,190.95,192.77,195.73,186.34,92.23,-0.0256
11-11-2022,195.97,186,196.52,182.59,114.4,0.0275
10-11-2022,190.72,189.9,191,180.03,132.7,0.0739
09-11-2022,177.59,190.77,195.89,177.12,127.06,-0.0717
08-11-2022,191.3,194.02,195.2,186.75,128.8,-0.0293
07-11-2022,197.08,208.65,208.9,196.66,93.92,-0.0501
04-11-2022,207.47,222.6,223.8,203.08,98.62,-0.0364
03-11-2022,215.31,211.36,221.2,210.14,56.54,0.0015
02-11-2022,214.98,226.04,227.87,214.82,63.07,-0.0564
01-11-2022,227.82,234.05,237.4,227.28,62.69,0.0012
31-10-2022,227.54,226.19,229.85,221.94,61.55,-0.0043
28-10-2022,228.52,225.4,228.86,216.35,69.15,0.0152
27-10-2022,225.09,229.77,233.81,222.85,61.64,0.002
26-10-2022,224.64,219.4,230.6,218.2,85.33,0.01
25-10-2022,222.41,210.1,224.35,210,96.51,0.0529
24-10-2022,211.25,205.82,213.5,198.59,100.45,-0.0149
21-10-2022,214.44,206.41,214.66,203.8,75.71,0.0345
20-10-2022,207.28,208.28,215.55,202,117.8,-0.0665
19-10-2022,222.04,219.8,222.93,217.78,66.57,0.0084
18-10-2022,220.19,229.5,229.82,217.25,75.89,0.0038
17-10-2022,219.35,210.04,221.86,209.45,79.43,0.0701
14-10-2022,204.99,224.01,226.26,204.16,94.13,-0.0755
13-10-2022,221.72,208.3,222.99,206.22,91.48,0.0206
12-10-2022,217.24,215.33,219.3,211.51,66.86,0.0034
11-10-2022,216.5,220.95,225.75,215,77.01,-0.029
10-10-2022,222.96,223.93,226.99,218.36,67.93,-0.0005
07-10-2022,223.07,233.93,234.57,222.02,83.92,-0.0632
06-10-2022,238.13,239.44,244.58,235.35,69.3,-0.0111
05-10-2022,240.81,245.01,246.67,233.27,86.98,-0.0346
04-10-2022,249.44,250.52,257.5,242.01,109.58,0.029
03-10-2022,242.4,254.5,255.16,241.01,98.36,-0.0861
30-09-2022,265.25,266.14,275.57,262.47,67.73,-0.011
29-09-2022,268.21,282.76,283.65,265.78,77.62,-0.0681
28-09-2022,287.81,283.08,289,277.57,54.67,0.0172
27-09-2022,282.94,283.84,288.67,277.51,61.93,0.0251
26-09-2022,276.01,271.83,284.09,270.31,58.08,0.0025
23-09-2022,275.33,283.09,284.5,272.82,63.75,-0.0459
22-09-2022,288.59,299.86,301.29,285.82,70.55,-0.0406
21-09-2022,300.8,308.29,313.8,300.63,62.56,-0.0257
20-09-2022,308.73,306.91,313.33,305.58,61.64,-0.0011
19-09-2022,309.07,300.09,309.84,297.8,60.23,0.0189
16-09-2022,303.35,299.61,303.71,295.6,87.09,-0.0013
15-09-2022,303.75,301.83,309.12,300.72,64.8,0.0038
14-09-2022,302.61,292.24,306,291.64,72.63,0.0359
13-09-2022,292.13,292.9,297.4,290.4,68.23,-0.0404
12-09-2022,304.42,300.72,305.49,300.4,48.68,0.0158
09-09-2022,299.68,291.67,299.85,291.24,54.47,0.036
08-09-2022,289.26,281.3,289.5,279.76,53.71,0.0196
07-09-2022,283.7,273.1,283.84,272.27,50.03,0.0338
06-09-2022,274.42,272.67,275.99,265.74,55.86,0.0156
02-09-2022,270.21,281.07,282.35,269.08,50.89,-0.0251
01-09-2022,277.16,272.58,277.58,266.15,54.29,0.0056
31-08-2022,275.61,280.62,281.25,271.81,52.11,-0.0075
30-08-2022,277.7,287.86,288.48,272.65,50.54,-0.025
29-08-2022,284.82,282.83,287.74,280.7,41.87,-0.0114
26-08-2022,288.09,297.43,302,287.47,57.16,-0.027
25-08-2022,296.07,302.36,302.96,291.6,53.23,-0.0035
24-08-2022,297.1,297.56,303.65,296.5,57.26,0.0022
23-08-2022,296.45,291.45,298.83,287.92,63.99,0.0226
22-08-2022,289.91,291.91,292.4,286.3,55.84,-0.0228
19-08-2022,296.67,299,300.36,292.5,61.4,-0.0205
18-08-2022,302.87,306,306.5,301.85,47.5,-0.0037
17-08-2022,304,303.4,309.66,300.03,68.77,-0.0084
16-08-2022,306.56,311.67,314.67,302.88,88.14,-0.0089
15-08-2022,309.32,301.79,313.13,301.23,89.36,0.031
12-08-2022,300.03,289.41,300.16,285.03,79.66,0.0468
11-08-2022,286.63,296.51,298.24,285.83,70.16,-0.0262
10-08-2022,294.36,297.07,297.51,283.37,94.92,0.0389
09-08-2022,283.33,290.29,292.4,279.35,86.25,-0.0244
08-08-2022,290.42,295,305.2,289.09,99.37,0.0078
05-08-2022,288.17,302.67,304.61,285.54,113.17,-0.0663
04-08-2022,308.63,311,313.61,305,72.26,0.004
03-08-2022,307.4,305,309.55,301.15,80.09,0.0227
02-08-2022,300.59,294,307.83,292.67,95.58,0.0111
01-08-2022,297.28,301.27,311.88,295,117.04,0.0004
29-07-2022,297.15,280.7,298.32,279.1,95.31,0.0578
28-07-2022,280.9,280.07,283.3,272.8,84.72,0.0221
27-07-2022,274.82,263.81,275.93,261.79,88.11,0.0617
26-07-2022,258.86,266.51,267.31,256.26,66.82,-0.0357
25-07-2022,268.43,272.22,274.15,267.4,64.07,-0.014
22-07-2022,272.24,276.22,280.79,270.71,103.47,0.002
21-07-2022,271.71,255.11,273.27,254.87,142.03,0.0978
20-07-2022,247.5,246.78,250.66,243.48,88.86,0.008
19-07-2022,245.53,245,247.14,236.98,80.89,0.0207
18-07-2022,240.55,244.94,250.52,239.6,82.54,0.002
15-07-2022,240.07,240,243.62,236.89,69.68,0.0074
14-07-2022,238.31,234.9,238.65,229.33,78.56,0.0054
13-07-2022,237.04,225.5,242.06,225.03,97.96,0.017
12-07-2022,233.07,236.85,239.77,228.37,87.93,-0.0054
11-07-2022,234.34,252.1,253.06,233.63,99.51,-0.0655
08-07-2022,250.76,242.33,254.98,241.16,101.85,0.0254
07-07-2022,244.54,233.92,245.36,232.21,81.93,0.0553
06-07-2022,231.73,230.78,234.56,227.19,71.85,-0.0057
05-07-2022,233.07,223,233.15,216.17,84.78,0.0255
01-07-2022,227.26,227,230.23,222.12,74.46,0.0124
30-06-2022,224.47,224.51,229.46,218.86,94.6,-0.0176
29-06-2022,228.49,230.5,231.17,222.27,82.9,-0.0179
28-06-2022,232.66,244.48,249.97,232.34,90.67,-0.05
27-06-2022,244.92,249.37,252.07,242.57,89.18,-0.0032
24-06-2022,245.71,237.47,246.07,236.09,95.77,0.0452
23-06-2022,235.07,237.9,239.32,228.64,104.2,-0.0043
22-06-2022,236.09,234.5,246.83,233.83,101.53,-0.004
21-06-2022,237.04,224.6,243.58,224.33,122.79,0.0935
17-06-2022,216.76,213.43,220.97,213.2,92.64,0.0172
16-06-2022,213.1,222.74,225.17,208.69,107.39,-0.0854
15-06-2022,233,220.92,235.66,218.15,119.13,0.0548
14-06-2022,220.89,218.29,226.33,211.74,97.99,0.0239
13-06-2022,215.74,223.17,226.63,214.68,102.77,-0.071
10-06-2022,232.23,235.16,239.5,227.91,98.09,-0.0312
09-06-2022,239.71,249.34,255.55,239.33,96.49,-0.0089
08-06-2022,241.87,240.09,249.96,239.18,76.21,0.0125
07-06-2022,238.89,234,240,230.09,72.81,0.0025
06-06-2022,238.28,244.35,244.87,234.35,84.21,0.016
03-06-2022,234.52,243.22,247.8,233.42,112.39,-0.0922
02-06-2022,258.33,244.16,264.21,242.07,93.47,0.0468
01-06-2022,246.79,251.72,257.33,243.64,77.25,-0.0236
31-05-2022,252.75,257.95,259.6,244.74,101.91,-0.0018
27-05-2022,253.21,241.08,253.27,240.18,89.3,0.0733
26-05-2022,235.91,220.47,239.56,217.89,106,0.0743
25-05-2022,219.6,207.95,223.11,207.67,92.14,0.0488
24-05-2022,209.39,217.84,217.97,206.86,89.09,-0.0693
23-05-2022,224.97,218.34,226.65,212.69,88.9,0.0166
20-05-2022,221.3,238,240.53,211,144.97,-0.0642
19-05-2022,236.47,235.67,244.67,231.37,90.3,-0.0005
18-05-2022,236.6,248.17,253.5,233.6,87.81,-0.068
17-05-2022,253.87,249.12,254.83,242.95,80.24,0.0514
16-05-2022,241.46,255.72,256.59,239.7,86.1,-0.0588
13-05-2022,256.53,257.83,262.45,250.52,92.15,0.0571
12-05-2022,242.67,233.67,253.22,226.67,140.31,-0.0082
11-05-2022,244.67,265,269.92,242.4,97.23,-0.0825
10-05-2022,266.68,273.1,275.12,258.08,84.4,0.0164
09-05-2022,262.37,278.82,281.88,260.38,90.81,-0.0907
06-05-2022,288.55,295.67,296,281.03,72.9,-0.0087
05-05-2022,291.09,313.07,315.2,285.9,92.52,-0.0833
04-05-2022,317.54,301.31,318.5,295.09,81.64,0.0477
03-05-2022,303.08,301.06,308.03,296.2,63.71,0.007
02-05-2022,300.98,286.92,302.12,282.68,75.78,0.037
29-04-2022,290.25,300.75,311.47,290,88.13,-0.0077
28-04-2022,292.5,299.99,300,273.9,124.95,-0.0045
27-04-2022,293.84,299.53,306,292.45,76.96,0.0058
26-04-2022,292.14,331.81,333.33,291.67,136.13,-0.1218
25-04-2022,332.67,326.32,336.21,325.1,68.34,-0.007
22-04-2022,335.02,338.3,344.95,331.33,69.7,-0.0037
21-04-2022,336.26,358.24,364.07,332.14,105.42,0.0323
20-04-2022,325.73,343.33,344.67,325.08,70.71,-0.0496
19-04-2022,342.72,335.02,344.98,331.77,49.85,0.0238
18-04-2022,334.76,329.68,338.31,324.47,51.72,0.0196
14-04-2022,328.33,333.1,337.57,327.4,58.42,-0.0366
13-04-2022,340.79,327.02,342.08,324.37,55.12,0.0359
12-04-2022,328.98,332.55,340.4,325.53,65.98,0.0113
11-04-2022,325.31,326.8,336.16,324.88,59.36,-0.0483
08-04-2022,341.83,347.74,349.48,340.81,55.01,-0.03
07-04-2022,352.42,350.8,358.86,340.51,79.45,0.011
06-04-2022,348.59,357.82,359.67,342.57,89.35,-0.0417
05-04-2022,363.75,378.77,384.29,362.43,80.08,-0.0473
04-04-2022,381.82,363.13,383.3,357.51,82.18,0.0561
01-04-2022,361.53,360.38,364.92,355.55,54.26,0.0065
31-03-2022,359.2,364.86,367.71,358.88,48.99,-0.015
30-03-2022,364.66,363.72,371.32,361.33,59.87,-0.0051
29-03-2022,366.52,369.33,371.59,357.7,73.61,0.0071
28-03-2022,363.95,355.03,365.96,351.2,102.51,0.0804
25-03-2022,336.88,336,340.6,332.44,62.03,-0.0032
24-03-2022,337.97,336.58,341.5,329.6,68.92,0.0148
23-03-2022,333.04,326.65,346.9,325.47,120.68,0.0052
22-03-2022,331.33,310,332.62,307.25,105.87,0.0791
21-03-2022,307.05,304.99,314.28,302.36,81.98,0.0174
18-03-2022,301.8,291.5,302.62,289.13,100.41,0.0388
17-03-2022,290.53,277,291.67,275.24,66.58,0.0373
16-03-2022,280.08,269.67,280.67,267.42,84.03,0.0478
15-03-2022,267.3,258.42,268.52,252.19,66.84,0.0463
14-03-2022,255.46,260.2,266.9,252.01,71.15,-0.0364
11-03-2022,265.12,280.07,281.27,264.59,67.04,-0.0512
10-03-2022,279.43,283.82,284.82,270.12,58.65,-0.0241
09-03-2022,286.32,279.83,286.85,277.34,59.18,0.0419
08-03-2022,274.8,265.18,283.33,260.72,80.4,0.0246
07-03-2022,268.19,285.43,288.71,268.19,72.49,-0.0402
04-03-2022,279.43,283.03,285.22,275.05,67.18,-0.0012
03-03-2022,279.76,292.92,295.48,277.53,61.62,-0.0462
02-03-2022,293.3,290.71,295.49,281.42,74.64,0.018
01-03-2022,288.12,289.89,296.63,284.59,74.77,-0.007
28-02-2022,290.14,271.67,292.29,271.57,99.01,0.0748
25-02-2022,269.96,269.74,273.17,260.8,76.07,0.0114
24-02-2022,266.92,233.46,267.49,233.33,135.32,0.0481
23-02-2022,254.68,276.81,278.43,253.52,95.26,-0.07
22-02-2022,273.84,278.04,285.58,267.03,83.29,-0.0414
18-02-2022,285.66,295.33,295.62,279.2,68.5,-0.0221
17-02-2022,292.12,304.42,306.17,291.37,55.18,-0.0509
16-02-2022,307.8,304.68,308.81,300.4,51.29,0.001
15-02-2022,307.48,300,307.67,297.79,57.65,0.0533
14-02-2022,291.92,287.19,299.63,284.38,67.76,0.0183
11-02-2022,286.67,303.21,305.32,283.57,79.65,-0.0493
10-02-2022,301.52,302.79,314.6,298.9,66.13,-0.0295
09-02-2022,310.67,311.67,315.42,306.67,52.26,0.0109
08-02-2022,307.33,301.84,308.76,298.27,50.73,0.0161
07-02-2022,302.45,307.93,315.92,300.9,60.99,-0.0173
04-02-2022,307.77,299.07,312.17,293.72,73.63,0.0361
03-02-2022,297.05,294,312.33,293.51,78.86,-0.016
02-02-2022,301.89,309.39,310.5,296.47,66.79,-0.0275
01-02-2022,310.42,311.74,314.57,301.67,73.14,-0.0058
31-01-2022,312.24,290.9,312.66,287.35,104.44,0.1068
28-01-2022,282.12,277.19,285.83,264,134.79,0.0208
27-01-2022,276.37,311.12,311.8,276.33,147.11,-0.1155
26-01-2022,312.47,317.48,329.23,302,104.87,0.0207
25-01-2022,306.13,304.73,317.09,301.07,86.6,-0.0125
24-01-2022,310,301.59,311.17,283.82,152.38,-0.0147
21-01-2022,314.63,332.11,334.85,313.5,103.42,-0.0526
20-01-2022,332.09,336.58,347.22,331.33,70.49,0.0006
19-01-2022,331.88,347.23,351.56,331.67,75.44,-0.0338
18-01-2022,343.5,342.2,356.93,338.69,66.99,-0.0182
14-01-2022,349.87,339.96,350.67,337.79,72.92,0.0175
13-01-2022,343.85,369.69,371.87,342.18,97.21,-0.0675
12-01-2022,368.74,359.62,371.61,357.53,83.74,0.0393
11-01-2022,354.8,351.22,358.62,346.27,66.06,0.0059
10-01-2022,352.71,333.33,353.03,326.67,91.81,0.0304
07-01-2022,342.32,360.12,360.31,336.67,84.16,-0.0354
06-01-2022,354.9,359,362.67,340.17,90.34,-0.0215
05-01-2022,362.71,382.22,390.11,360.34,80.12,-0.0535
04-01-2022,383.2,396.52,402.67,374.35,100.25,-0.0418
03-01-2022,399.93,382.58,400.36,378.68,104.69,0.1353
31-12-2021,352.26,357.81,360.67,351.53,40.73,-0.0127
30-12-2021,356.78,353.78,365.18,351.05,47.04,-0.0146
29-12-2021,362.06,366.21,368,354.71,56.15,-0.0021
28-12-2021,362.82,369.83,373,359.47,60.32,-0.005
27-12-2021,364.65,357.89,372.33,356.9,71.15,0.0252
23-12-2021,355.67,335.6,357.66,332.52,92.71,0.0576
22-12-2021,336.29,321.89,338.55,319.02,93.63,0.075
21-12-2021,312.84,305.62,313.17,295.37,71.52,0.0429
20-12-2021,299.98,303.57,307.23,297.8,56.48,-0.035
17-12-2021,310.86,304.92,320.22,303.01,100.88,0.0061
16-12-2021,308.97,331.5,331.66,307.28,82.77,-0.0503
15-12-2021,325.33,317.74,326.25,309.42,75.17,0.0182
14-12-2021,319.5,315,322.14,310,70.81,-0.0082
13-12-2021,322.14,333.7,335,317.14,78.6,-0.0498
10-12-2021,339.01,336.25,340.33,327.51,59.66,0.0132
09-12-2021,334.6,353.55,354.16,334.12,59.44,-0.061
08-12-2021,356.32,350.9,357.46,344.33,41.91,0.0164
07-12-2021,350.58,348.07,352.56,342.27,56.08,0.0423
06-12-2021,336.34,333.84,340.55,316.83,81.66,-0.0059
03-12-2021,338.32,361.6,363.52,333.4,92.32,-0.0642
02-12-2021,361.53,366.35,371,352.22,73.11,-0.0095
01-12-2021,365,386.9,390.95,363.59,68.8,-0.0435
30-11-2021,381.59,381.46,389.33,372.67,81.28,0.0068
29-11-2021,379,367,380.89,366.73,58.39,0.0509
26-11-2021,360.64,366.49,369.59,360.33,35.04,-0.0305
24-11-2021,372,360.13,377.59,354,67.68,0.0063
23-11-2021,369.68,389.17,393.5,354.23,108.52,-0.0413
22-11-2021,385.62,387.44,400.65,377.48,99.22,0.0174
19-11-2021,379.02,366.29,379.57,364.23,64.93,0.0371
18-11-2021,365.46,368.85,370.67,358.34,62.7,0.0068
17-11-2021,363,354.5,373.21,351.83,94.34,0.0325
16-11-2021,351.58,334.44,352.4,334.06,79.63,0.0408
15-11-2021,337.8,339.21,343.99,326.2,104.33,-0.0194
12-11-2021,344.47,349.17,351.5,339.73,76.72,-0.0283
11-11-2021,354.5,367.59,368.32,351.56,67.19,-0.0042
10-11-2021,355.98,336.8,359.37,329.1,128.41,0.0434
09-11-2021,341.17,391.2,391.5,337.17,177.32,-0.1199
08-11-2021,387.65,383.26,399,377.67,100.34,-0.0484
05-11-2021,407.36,409.33,413.29,402.67,64.89,-0.0064
04-11-2021,409.97,411.47,414.5,405.67,76.19,0.0132
03-11-2021,404.62,392.44,405.13,384.21,103.89,0.0357
02-11-2021,390.67,386.45,402.86,382,128.21,-0.0303
01-11-2021,402.86,381.67,403.25,372.89,168.15,0.0849
29-10-2021,371.33,360.62,371.74,357.73,89.76,0.0343
28-10-2021,359.01,356.1,360.33,351.4,81.64,0.0378
27-10-2021,345.95,346.55,356.96,343.59,115.58,0.0191
26-10-2021,339.48,341.56,364.98,333.81,187.25,-0.0063
25-10-2021,341.62,316.84,348.34,314.73,188.56,0.1266
22-10-2021,303.23,298.5,303.33,296.99,68.64,0.0176
21-10-2021,298,285.33,300,285.17,94.44,0.0326
20-10-2021,288.6,288.45,289.83,285.79,42.1,0.0018
19-10-2021,288.09,292.51,292.65,287.5,52.14,-0.0067
18-10-2021,290.04,283.93,291.75,283.82,72.62,0.0321
15-10-2021,281.01,274.58,281.07,274.12,56.77,0.0302
14-10-2021,272.77,271.83,273.42,271.12,36.74,0.0089
13-10-2021,270.36,270.16,271.8,268.59,42.36,0.0067
12-10-2021,268.57,266.98,270.77,265.52,66.06,0.0174
11-10-2021,263.98,262.55,267.08,261.83,42.6,0.0082
08-10-2021,261.83,265.4,265.46,260.3,50.22,-0.0102
07-10-2021,264.54,261.82,268.33,261.13,57.59,0.0139
06-10-2021,260.92,258.73,262.22,257.74,43.9,0.0028
05-10-2021,260.2,261.6,265.77,258.07,55.3,-0.0012
04-10-2021,260.51,265.5,268.99,258.71,91.45,0.0081
01-10-2021,258.41,259.47,260.26,254.53,51.09,-0.0003
30-09-2021,258.49,260.33,263.04,258.33,53.87,-0.0075
29-09-2021,260.44,259.93,264.5,256.89,62.83,0.0048
28-09-2021,259.19,262.4,265.21,255.39,76.14,-0.0174
27-09-2021,263.79,257.71,266.33,256.44,84.21,0.0219
24-09-2021,258.13,248.63,258.27,248.19,64.12,0.0275
23-09-2021,251.21,251.67,252.73,249.31,35.84,0.0022
22-09-2021,250.65,247.84,251.22,246.37,45.38,0.017
21-09-2021,246.46,244.93,248.25,243.48,48.99,0.0126
20-09-2021,243.39,244.85,247.33,239.54,74.27,-0.0386
17-09-2021,253.16,252.38,253.68,250,84.61,0.0033
16-09-2021,252.33,250.94,252.97,249.2,41.77,0.0015
15-09-2021,251.94,248.33,252.29,246.12,46.07,0.0152
14-09-2021,248.16,247.52,251.49,245.47,55.57,0.002
13-09-2021,247.67,246.74,248.26,236.28,68.86,0.0092
10-09-2021,245.42,253.2,254.2,244.84,45.55,-0.0246
09-09-2021,251.62,251.14,254.03,250.54,42.23,0.0013
08-09-2021,251.29,253.86,254.82,246.92,56.38,0.0013
07-09-2021,250.97,246.67,253.4,246.42,60.12,0.0264
03-09-2021,244.52,244.08,244.67,241.4,45.81,0.0016
02-09-2021,244.13,244.83,246.99,243.51,38.39,-0.0023
01-09-2021,244.7,244.69,247.33,243.76,39.61,-0.0022
31-08-2021,245.24,244.33,246.8,242.15,62.57,0.0066
30-08-2021,243.64,238.24,243.67,237.58,55.81,0.0267
27-08-2021,237.31,235,238.33,234.03,41.5,0.0154
26-08-2021,233.72,236.1,238.47,232.54,39.64,-0.0141
25-08-2021,237.07,235.68,238.99,234.67,37.94,0.0039
24-08-2021,236.16,236.89,238.41,234.21,39.25,0.0031
23-08-2021,235.43,228.48,237.38,226.92,60.79,0.0383
20-08-2021,226.75,227.62,230.71,224.57,44.53,0.0101
19-08-2021,224.49,226.07,228.85,222.53,42.94,-0.0225
18-08-2021,229.66,223.25,231.92,223.12,61.05,0.035
17-08-2021,221.9,224.22,224.86,216.28,71.16,-0.0298
16-08-2021,228.72,235.02,236.5,225.47,69.31,-0.0433
13-08-2021,239.06,241.24,243.3,238.11,50.19,-0.007
12-08-2021,240.75,235.45,240.93,233.13,53.05,0.0204
11-08-2021,235.94,237.57,238.39,234.74,29.4,-0.003
10-08-2021,236.66,238,238.86,233.96,40.3,-0.0053
09-08-2021,237.92,236.72,239.68,235.04,44.15,0.021
06-08-2021,233.03,237.3,238.78,232.54,46.87,-0.0217
05-08-2021,238.21,238.67,240.32,237.14,38.76,0.0052
04-08-2021,236.97,237,241.63,236.31,51.01,0.0016
03-08-2021,236.58,239.67,240.88,233.67,64.86,0.0001
02-08-2021,236.56,233.33,242.31,232.8,100.85,0.0327
30-07-2021,229.07,223.92,232.51,223,88.97,0.0146
29-07-2021,225.78,216.6,227.9,216.27,91.18,0.0469
28-07-2021,215.66,215.66,218.32,213.13,48.02,0.0034
27-07-2021,214.93,221.13,222.17,209.08,98.44,-0.0195
26-07-2021,219.21,216.99,222.73,215.7,76.01,0.0221
23-07-2021,214.46,215.45,216.27,212.43,43.81,-0.0091
22-07-2021,216.42,218.81,220.72,214.87,45.32,-0.0092
21-07-2021,218.43,219.87,221.62,216.76,41.86,-0.0079
20-07-2021,220.17,217.33,220.8,213.5,46.46,0.0221
19-07-2021,215.41,209.96,215.73,207.1,63.89,0.0031
16-07-2021,214.74,218.23,218.9,214.07,49.11,-0.0098
15-07-2021,216.87,219.46,222.05,212.63,60.63,-0.0042
14-07-2021,217.79,223.58,226.2,217.61,64.92,-0.0227
13-07-2021,222.85,228.77,231.09,222.1,62.9,-0.025
12-07-2021,228.57,220.73,229.08,220.72,77.78,0.0438
09-07-2021,218.98,217.73,219.64,214.9,54.42,0.0063
08-07-2021,217.6,209.46,218.14,206.82,68.32,0.0127
07-07-2021,214.88,221.42,221.9,212.77,56.38,-0.0227
06-07-2021,219.86,227.24,228,217.13,69.85,-0.0285
02-07-2021,226.3,226.33,233.33,224.42,81.29,0.0015
01-07-2021,225.97,227.97,229.33,224.27,55.9,-0.0026
30-06-2021,226.57,226.59,230.94,226.05,56.77,-0.0015
29-06-2021,226.92,228.22,229.17,225.3,52.14,-0.0115
28-06-2021,229.57,223.88,231.57,223.44,64.88,0.025
25-06-2021,223.96,229.86,231.27,222.9,97.49,-0.0117
24-06-2021,226.61,225,232.54,222.54,137.95,0.0354
23-06-2021,218.86,210.67,219.07,210.01,93.3,0.0527
22-06-2021,207.9,206.08,209.52,205.17,57.48,0.0046
21-06-2021,206.94,208.16,210.46,202.96,74.44,-0.004
18-06-2021,207.77,204.46,209.45,203.93,73.68,0.0109
17-06-2021,205.53,200.63,207.16,200.45,68.1,0.0194
16-06-2021,201.62,199.18,202.83,197.83,66.43,0.0092
15-06-2021,199.79,205.56,205.6,199.41,53.29,-0.0297
14-06-2021,205.9,204.08,208.5,203.06,61.27,0.0128
11-06-2021,203.3,203.41,204.19,200.51,48.62,-0.0003
10-06-2021,203.37,201.29,205.53,200.17,71.76,0.0189
09-06-2021,199.59,200.72,203.93,199.21,49.75,-0.008
08-06-2021,201.2,207.67,207.7,198.5,78.16,-0.0025
07-06-2021,201.71,197.27,203.33,194.29,67.63,0.0102
04-06-2021,199.68,193.24,200.2,192.4,72.11,0.0457
03-06-2021,190.95,200.6,201.52,190.41,90.34,-0.0533
02-06-2021,201.71,206.71,207.79,199.71,69.91,-0.0301
01-06-2021,207.97,209.27,211.27,206.85,54.25,-0.0021
28-05-2021,208.41,209.5,211.86,207.46,68.21,-0.0089
27-05-2021,210.28,206.75,210.38,205.4,79.11,0.0189
26-05-2021,206.38,202.52,208.72,200.5,85.92,0.0239
25-05-2021,201.56,202.44,204.66,198.57,84.02,-0.0029
24-05-2021,202.15,193.87,204.83,191.22,103.67,0.044
21-05-2021,193.63,198.7,198.89,193.33,78.09,-0.01
20-05-2021,195.59,191.67,196.28,190.36,92.46,0.0414
19-05-2021,187.82,184.18,188.74,182.33,118.74,-0.0249
18-05-2021,192.62,189.33,198.75,187.79,110.49,0.0018
17-05-2021,192.28,191.85,196.58,187.07,97.17,-0.0219
14-05-2021,196.58,194.47,197.62,190.15,100.11,0.0316
13-05-2021,190.56,200.51,202.15,186.55,132.55,-0.0309
12-05-2021,196.63,200.83,206.8,195.59,101.47,-0.0442
11-05-2021,205.73,199.75,209.03,198.53,139.51,-0.0188
10-05-2021,209.68,221.63,221.68,209.2,94.18,-0.0644
07-05-2021,224.12,221.93,230,220.07,70.41,0.0133
06-05-2021,221.18,226.92,227.01,216.67,83.35,-0.011
05-05-2021,223.65,227.02,228.43,222.45,65.71,-0.0039
04-05-2021,224.53,226.31,227.82,219.23,89.22,-0.0165
03-05-2021,228.3,234.6,235.33,226.83,81.13,-0.0346
30-04-2021,236.48,222.53,238.49,222.05,122.28,0.0479
29-04-2021,225.67,233.17,234.08,222.83,86.54,-0.0251
28-04-2021,231.47,232.14,236.17,231.2,66.81,-0.0146
27-04-2021,234.91,239.32,241.33,234.45,88.31,-0.0454
26-04-2021,246.07,247,249.77,244.2,93.12,0.0121
23-04-2021,243.13,239.93,245.79,238.49,85.24,0.0135
22-04-2021,239.9,247.17,251.26,239.35,106.77,-0.0328
21-04-2021,248.04,234.92,248.28,232.67,93.65,0.035
20-04-2021,239.66,239.14,245.75,236.89,106.83,0.0061
19-04-2021,238.21,239.87,241.8,230.6,119.06,-0.034
16-04-2021,246.59,242.88,249.8,241.53,83.94,0.0013
15-04-2021,246.28,247.7,247.9,240.44,83.55,0.009
14-04-2021,244.08,256.9,260.26,242.68,147.05,-0.0395
13-04-2021,254.11,237.57,254.33,236.89,133.96,0.086
12-04-2021,233.99,228.57,234.93,227.36,87.41,0.0369
09-04-2021,225.67,225.92,226.99,223.14,64.31,-0.0099
08-04-2021,227.93,225.79,229.85,223.88,71.77,0.0191
07-04-2021,223.66,229,230.46,222.61,78.93,-0.0298
06-04-2021,230.54,230.1,232.18,227.12,84.82,0.0008
05-04-2021,230.35,235.9,236.05,228.23,125.53,0.0443
01-04-2021,220.58,229.46,230.81,219.81,105.9,-0.0093
31-03-2021,222.64,215.54,224,213.7,100.01,0.0508
30-03-2021,211.87,200.58,212.55,197,118.3,0.0398
29-03-2021,203.76,205.21,205.49,198.67,85.91,-0.012
26-03-2021,206.24,213.96,214.61,199.96,101.56,-0.0338
25-03-2021,213.46,204.33,215.17,203.17,117.67,0.016
24-03-2021,210.09,222.64,222.67,210.04,101.39,-0.0482
23-03-2021,220.72,225.26,225.93,219.17,91.48,-0.0117
22-03-2021,223.33,228.2,233.21,222.92,118.54,0.0231
19-03-2021,218.29,215.53,219.08,208.21,128.68,0.0026
18-03-2021,217.72,228.1,229.74,217.33,100.11,-0.0693
17-03-2021,233.94,218.96,234.58,217,121.12,0.0368
16-03-2021,225.63,234.45,235.97,223.67,96.59,-0.0439
15-03-2021,235.98,231.36,237.73,228.01,88.27,0.0205
12-03-2021,231.24,223.33,231.63,222.05,100.75,-0.0084
11-03-2021,233.2,233.13,234.17,225.73,108.76,0.0472
10-03-2021,222.69,233.43,239.28,218.35,181.82,-0.0082
09-03-2021,224.53,202.73,226.03,198.4,202.57,0.1964
08-03-2021,187.67,200.18,206.71,186.26,155.36,-0.0584
05-03-2021,199.32,208.69,209.28,179.83,268.19,-0.0378
04-03-2021,207.15,218.6,222.82,200,197.76,-0.0486
03-03-2021,217.73,229.33,233.57,217.23,90.62,-0.0484
02-03-2021,228.81,239.43,240.37,228.33,71.2,-0.0446
01-03-2021,239.48,230.04,239.67,228.35,81.41,0.0636
26-02-2021,225.17,233.33,235.57,219.84,123.27,-0.0099
25-02-2021,227.41,242.05,245.74,223.53,117.07,-0.0806
24-02-2021,247.34,237.28,248.33,231.39,110.3,0.0618
23-02-2021,232.95,220.71,237.87,206.33,199.82,-0.0219
22-02-2021,238.17,254.21,256.17,236.73,111.81,-0.0855
19-02-2021,260.43,265,265.6,259.12,56.87,-0.0077
18-02-2021,262.46,260.3,264.9,258.76,53.87,-0.0135
17-02-2021,266.05,259.7,266.61,254,78.24,0.0024
16-02-2021,265.41,272.67,273.67,264.15,59.41,-0.0244
12-02-2021,272.04,267.09,272.44,261.78,71.31,0.0055
11-02-2021,270.55,270.81,276.63,267.24,64.87,0.0085
10-02-2021,268.27,281.21,281.61,266.67,108.65,-0.0526
09-02-2021,283.15,285.04,286.6,280.58,45.47,-0.0162
08-02-2021,287.81,289.89,292.59,284.92,60.49,0.0131
05-02-2021,284.08,281.67,288.26,279.66,55.7,0.0026
04-02-2021,283.33,285,285.5,277.81,47.44,-0.0055
03-02-2021,284.9,292.34,292.69,284.35,55.03,-0.0207
02-02-2021,290.93,281.56,293.5,280.73,73.04,0.0393
01-02-2021,279.94,271.43,280.67,265.19,76.17,0.0583
29-01-2021,264.51,276.67,280.8,260.03,104.97,-0.0502
28-01-2021,278.48,273.33,282.67,267,79.13,-0.0332
27-01-2021,288.05,290.12,297.17,286.22,82,-0.0214
26-01-2021,294.36,297.13,298.63,290.53,69.39,0.0026
25-01-2021,293.6,285,300.13,279.61,123.52,0.0404
22-01-2021,282.21,278.1,282.67,276.21,60.2,0.002
21-01-2021,281.66,285,285.24,280.47,61.79,-0.0064
20-01-2021,283.48,286.25,286.5,279.09,77,0.007
19-01-2021,281.52,279.27,283.33,277.67,76.1,0.0223
15-01-2021,275.39,284,286.63,273.03,116.33,-0.0223
14-01-2021,281.67,281.13,287.67,279.58,93.8,-0.011
13-01-2021,284.8,284.25,286.82,277.33,99.94,0.0058
12-01-2021,283.15,277,289.33,275.78,138.81,0.0472
11-01-2021,270.4,283.13,284.81,267.87,178.66,-0.0782
08-01-2021,293.34,285.33,294.83,279.46,225.17,0.0784
07-01-2021,272.01,259.21,272.33,258.4,154.5,0.0794
06-01-2021,251.99,252.83,258,249.7,134.1,0.0284
05-01-2021,245.04,241.22,246.95,239.73,96.74,0.0073
04-01-2021,243.26,239.82,248.16,239.06,145.91,0.0342
31-12-2020,235.22,233.33,239.57,230.37,148.95,0.0157
30-12-2020,231.59,224,232.2,222.79,128.54,0.0432
29-12-2020,222,220.33,223.3,218.33,68.73,0.0035
28-12-2020,221.23,224.84,227.13,220.27,96.84,0.0029
24-12-2020,220.59,214.33,222.03,213.67,68.6,0.0244
23-12-2020,215.33,210.73,217.17,207.52,99.52,0.0088
22-12-2020,213.45,216,216.63,204.74,155.59,-0.0146
21-12-2020,216.62,222.08,222.83,215.36,174.14,-0.065
18-12-2020,231.67,222.97,231.67,209.51,666.38,0.0596
17-12-2020,218.63,209.4,219.61,206.5,168.81,0.0532
16-12-2020,207.59,209.41,210.83,201.67,126.29,-0.0165
15-12-2020,211.08,214.43,215.63,207.93,135.67,-0.0103
14-12-2020,213.28,206.33,214.25,203.4,156.12,0.0489
11-12-2020,203.33,205,208,198.93,139.43,-0.0272
10-12-2020,209.02,191.46,209.25,188.78,201.25,0.0374
09-12-2020,201.49,217.9,218.11,196,213.87,-0.0699
08-12-2020,216.63,208.5,217.09,206.17,192.8,0.0127
07-12-2020,213.92,201.64,216.26,201.02,168.93,0.0713
04-12-2020,199.68,197,199.68,195.17,88.2,0.0096
03-12-2020,197.79,196.67,199.66,194.14,127.66,0.0431
02-12-2020,189.61,185.48,190.51,180.4,143.33,-0.0272
01-12-2020,194.92,199.2,199.28,190.68,121.15,0.0302
30-11-2020,189.2,200.74,202.6,184.84,189.01,-0.031
27-11-2020,195.25,193.72,199.59,192.82,112.68,0.0205
25-11-2020,191.33,183.35,191.33,181.79,146.79,0.0335
24-11-2020,185.13,180.13,186.66,175.4,160.95,0.0643
23-11-2020,173.95,167.83,175.33,167.26,150.78,0.0659
20-11-2020,163.2,166,167.5,163.02,98.74,-0.0193
19-11-2020,166.42,164,169.54,162.52,187.43,0.026
18-11-2020,162.21,149.45,165.33,147.83,234.13,0.102
17-11-2020,147.2,153.39,154,144.34,183.57,0.0821
16-11-2020,136.03,136.31,137.48,134.7,80.52,-0.001
13-11-2020,136.17,136.95,137.51,133.89,59.49,-0.0079
12-11-2020,137.25,138.35,141,136.51,59.82,-0.0129
11-11-2020,139.04,138.82,139.56,136.86,52.07,0.0164
10-11-2020,136.79,140.03,140.03,132.01,90.85,-0.0259
09-11-2020,140.42,146.5,150.83,140.33,104.5,-0.0202
06-11-2020,143.32,145.37,145.52,141.43,65.12,-0.0186
05-11-2020,146.03,142.77,146.67,141.33,85.24,0.0406
04-11-2020,140.33,143.54,145.13,139.03,96.43,-0.0069
03-11-2020,141.3,136.58,142.59,135.56,103.06,0.0584
02-11-2020,133.5,131.33,135.66,130.77,87.06,0.0321
30-10-2020,129.35,135.63,135.86,126.37,127.76,-0.0554
29-10-2020,136.94,136.65,139.35,135.49,67.97,0.0118
28-10-2020,135.34,138.83,139.53,135.33,76.35,-0.0439
27-10-2020,141.56,141.25,143.5,140.03,68.06,0.0105
26-10-2020,140.09,137.21,141.92,136.67,84.72,-0.0009
23-10-2020,140.21,140.61,140.96,135.79,101.15,-0.0121
22-10-2020,141.93,147.31,148.41,141.5,119.98,0.0075
21-10-2020,140.88,140.9,144.32,140.42,97.11,0.0016
20-10-2020,140.65,143.92,143.92,139.68,94.97,-0.0206
19-10-2020,143.61,148.75,149,142.96,108.86,-0.0201
16-10-2020,146.56,151.48,151.98,146.28,98.33,-0.0205
15-10-2020,149.63,150.1,152.19,147.5,107.02,-0.0269
14-10-2020,153.77,149.93,155.3,149.12,144.14,0.0328
13-10-2020,148.88,147.78,149.63,145.53,103.39,0.0098
12-10-2020,147.43,147.33,149.58,146.19,116.37,0.0191
09-10-2020,144.67,143.38,144.86,142.15,86.78,0.019
08-10-2020,141.97,146.15,146.33,141.77,121.26,0.0014
07-10-2020,141.77,139.96,143.3,137.95,129.38,0.0274
06-10-2020,137.99,141.26,142.93,135.35,147.44,-0.0275
05-10-2020,141.89,141.12,144.55,139.78,134.17,0.0255
02-10-2020,138.36,140.46,146.38,138.33,214.29,-0.0738
01-10-2020,149.39,146.92,149.63,144.81,152.22,0.0447
30-09-2020,143,140.44,144.64,140.16,144.44,0.0237
29-09-2020,139.69,138.67,142.83,137.2,151.02,-0.0051
28-09-2020,140.4,141.54,142.69,138.52,149.16,0.034
25-09-2020,135.78,131.16,136.24,130.43,201.63,0.0504
24-09-2020,129.26,121.27,133.17,117.1,289.68,0.0195
23-09-2020,126.79,135.05,137.38,125.29,285.22,-0.1034
22-09-2020,141.41,143.2,145.92,139.2,238.74,-0.056
21-09-2020,149.8,151.04,151.89,135.69,328.43,0.0164
18-09-2020,147.38,149.31,150.33,142.93,259.22,0.0442
17-09-2020,141.14,138.53,145.93,136,230.34,-0.0415
16-09-2020,147.25,146.62,152.6,145.1,217.64,-0.0178
15-09-2020,149.92,145.52,153.98,143.57,291.89,0.0719
14-09-2020,139.87,126.98,140,124.43,249.06,0.1258
11-09-2020,124.24,127.31,127.5,120.17,182.15,0.0037
10-09-2020,123.78,128.74,133,120.19,254.79,0.0138
09-09-2020,122.09,118.87,123,113.84,238.4,0.1092
08-09-2020,110.07,118.67,122.91,109.96,346.4,-0.2106
04-09-2020,139.44,134.27,142.67,124.01,330.97,0.0278
03-09-2020,135.67,135.74,143.93,134,262.79,-0.0902
02-09-2020,149.12,159.66,159.68,135.04,288.53,-0.0583
01-09-2020,158.35,167.38,167.5,156.84,270.36,-0.0467
31-08-2020,166.11,148.2,166.71,146.7,355.12,0.1257
28-08-2020,147.56,153.01,154.57,145.77,301.22,-0.0113
27-08-2020,149.25,145.36,153.04,142.83,355.4,0.0398
26-08-2020,143.54,137.33,144.4,136.91,213.59,0.0641
25-08-2020,134.89,131.66,135.2,131.2,159.88,0.0045
24-08-2020,134.28,141.75,141.93,128.5,300.95,-0.0175
21-08-2020,136.67,136.32,139.7,135,322.34,0.0241
20-08-2020,133.46,124.05,134.8,123.8,309.18,0.0656
19-08-2020,125.24,124.33,127.4,122.75,183.08,-0.0045
18-08-2020,125.81,126.6,128.26,123.01,247.12,0.028
17-08-2020,122.38,111.8,123.06,111.52,303.64,0.112
14-08-2020,110.05,111,111.25,108.44,188.66,0.0183
13-08-2020,108.07,107.4,110.08,104.48,306.38,0.0426
12-08-2020,103.65,98,105.67,95.67,328.48,0.1312
11-08-2020,91.63,93.07,94.67,91,129.39,-0.0311
10-08-2020,94.57,96.53,97.17,92.39,112.83,-0.0235
07-08-2020,96.85,99.97,99.98,94.33,133.45,-0.0248
06-08-2020,99.31,99.39,101.15,98.48,89.88,0.0031
05-08-2020,99,99.53,99.99,97.89,74.67,-0.0013
04-08-2020,99.13,99.67,101.83,97.47,126.22,0.0013
03-08-2020,99,96.61,100.65,96.29,132.14,0.038
31-07-2020,95.38,101,101.14,94.73,183.7,-0.0382
30-07-2020,99.17,99.2,100.88,98.07,114.32,-0.0077
29-07-2020,99.94,100.07,102.32,99.13,141.4,0.0153
28-07-2020,98.43,100.27,104.31,98.29,237.13,-0.041
27-07-2020,102.64,95.67,103.2,94.2,240.73,0.0865
24-07-2020,94.47,94.4,97.67,91.1,290.95,-0.0634
23-07-2020,100.87,111.93,112.6,98.72,364.93,-0.0498
22-07-2020,106.16,106.6,108.43,104.13,212.42,0.0153
21-07-2020,104.56,109.33,111.67,103.87,242.36,-0.0454
20-07-2020,109.53,101.27,110,99.2,256.82,0.0946
17-07-2020,100.06,100.9,102.5,99.33,139.95,0.0002
16-07-2020,100.04,98.48,102.11,97.73,214.51,-0.0294
15-07-2020,103.07,102.87,103.33,97.13,245.52,0.0193
14-07-2020,101.12,103.73,106,95.4,351.27,0.0132
13-07-2020,99.8,110.6,119.67,98.07,584.78,-0.0309
10-07-2020,102.98,93.07,103.26,91.73,350.06,0.1079
09-07-2020,92.95,93.13,93.9,90.09,175.76,0.0208
08-07-2020,91.06,93.67,94.48,87.42,244.67,-0.0173
07-07-2020,92.66,93.67,95.3,89.11,322.35,0.0133
06-07-2020,91.44,85.11,91.85,84.4,308.55,0.1348
02-07-2020,80.58,81.43,81.87,79.04,258.75,0.0796
01-07-2020,74.64,72.2,75.69,72.03,199.9,0.0368
30-06-2020,71.99,67.1,72.51,66.92,253.78,0.0698
29-06-2020,67.29,64.6,67.33,63.23,135.4,0.0517
26-06-2020,63.98,66.32,66.33,63.66,132.82,-0.0266
25-06-2020,65.73,63.62,65.73,62.48,138.82,0.0261
24-06-2020,64.06,66.27,66.73,63.54,164.39,-0.0409
23-06-2020,66.79,66.59,67.47,66.27,95.48,0.0075
22-06-2020,66.29,66.66,67.26,66,95.44,-0.0066
19-06-2020,66.73,67.52,67.73,66.09,130.2,-0.003
18-06-2020,66.93,66.87,67.95,66.3,146.28,0.0123
17-06-2020,66.12,65.85,67,65.5,148.36,0.0098
16-06-2020,65.48,67.46,67.53,64.16,210.77,-0.0088
15-06-2020,66.06,61.19,66.59,60.57,235.46,0.0595
12-06-2020,62.35,65.33,65.87,60.84,251.45,-0.0387
11-06-2020,64.86,66.01,67.93,64.8,238.75,-0.0509
10-06-2020,68.34,66.13,68.5,65.5,278.45,0.0898
09-06-2020,62.71,62.67,63.63,61.6,170.82,-0.0098
08-06-2020,63.33,61.27,63.33,60.61,212.62,0.0727
05-06-2020,59.04,58.52,59.1,57.75,117.18,0.0245
04-06-2020,57.63,59.33,59.72,57.23,133.32,-0.0209
03-06-2020,58.86,59.21,59.86,58.67,119.24,0.0015
02-06-2020,58.77,59.65,60.58,58.07,203.48,-0.0184
01-06-2020,59.87,57.2,59.93,56.94,226.28,0.0754
29-05-2020,55.67,53.92,55.67,53.61,177.19,0.0363
28-05-2020,53.72,54.23,54.98,53.45,109.14,-0.0176
27-05-2020,54.68,54.72,55.18,52.33,173.24,0.0016
26-05-2020,54.59,55.63,55.64,54.38,121.35,0.0024
22-05-2020,54.46,54.81,55.45,54.13,149.81,-0.0129
21-05-2020,55.17,54.4,55.5,53.07,183.82,0.0147
20-05-2020,54.37,54.7,55.07,54.12,109.64,0.0093
19-05-2020,53.87,54.34,54.8,53.74,144.55,-0.0068
18-05-2020,54.24,55.19,55.65,53.59,175.47,0.018
15-05-2020,53.28,52.69,53.67,52.44,157.78,-0.0052
14-05-2020,53.56,52,53.56,50.93,205.23,0.0157
13-05-2020,52.73,54.72,55.07,50.89,285.98,-0.0228
12-05-2020,53.96,55.13,56.22,53.87,238.6,-0.0024
11-05-2020,54.09,52.7,54.93,52.33,247.79,-0.0099
08-05-2020,54.63,52.92,54.93,52.47,241.95,0.0506
07-05-2020,52,51.81,53.09,51.49,172.92,-0.0033
06-05-2020,52.17,51.77,52.65,50.74,166.85,0.0187
05-05-2020,51.21,52.65,53.26,50.81,254.88,0.0091
04-05-2020,50.75,46.73,50.8,46.53,288.56,0.0856
01-05-2020,46.75,50.33,51.52,45.54,487.98,-0.1032
30-04-2020,52.13,57.01,57.99,50.9,427.08,-0.0232
29-04-2020,53.37,52.68,53.55,52.21,243.24,0.041
28-04-2020,51.27,53.04,53.67,50.45,228.33,-0.0372
27-04-2020,53.25,49.17,53.3,49,310.22,0.1016
24-04-2020,48.34,47.39,48.72,46.55,198.56,0.0276
23-04-2020,47.04,48.51,48.93,46.88,198.55,-0.0363
22-04-2020,48.81,46.93,48.93,45.91,213.37,0.0662
21-04-2020,45.78,48.67,50.22,44.92,303.14,-0.08
20-04-2020,49.76,48.85,51.04,47.48,221.2,-0.0099
17-04-2020,50.26,51.49,51.66,49.84,196.92,0.0117
16-04-2020,49.68,47.8,50.63,47.11,309.87,0.021
15-04-2020,48.66,49.47,50.21,47.33,353.66,0.0281
14-04-2020,47.33,46.6,49.46,46.16,458.65,0.0906
13-04-2020,43.4,39.34,43.47,38.7,337.13,0.1361
09-04-2020,38.2,37.47,38.35,37.14,204.75,0.044
08-04-2020,36.59,36.95,37.15,35.56,189.84,0.0063
07-04-2020,36.36,36.33,37.67,35.49,268.8,0.0564
06-04-2020,34.42,34.08,34.73,33.2,223.53,0.0756
03-04-2020,32,33.97,34.37,31.23,338.43,0.0561
02-04-2020,30.3,32.07,32.95,29.76,297.88,-0.0561
01-04-2020,32.1,33.6,34.26,31.67,200.3,-0.081
31-03-2020,34.93,33.42,36.2,33.13,266.57,0.0433
30-03-2020,33.48,34.02,34.44,32.75,179.97,-0.0236
27-03-2020,34.29,33.67,35.05,32.94,215.66,-0.0261
26-03-2020,35.21,36.49,37.33,34.15,261.33,-0.0206
25-03-2020,35.95,36.35,37.13,34.07,318.34,0.0677
24-03-2020,33.67,31.82,34.25,31.6,343.43,0.163
23-03-2020,28.95,28.91,29.47,27.37,246.82,0.0158
20-03-2020,28.5,29.21,31.8,28.39,424.28,-0.0004
19-03-2020,28.51,24.98,30.13,23.9,452.93,0.184
18-03-2020,24.08,25.93,26.99,23.37,356.79,-0.1604
17-03-2020,28.68,29.33,31.46,26.4,359.92,-0.0334
16-03-2020,29.67,31.3,32.99,29.48,307.34,-0.1858
13-03-2020,36.44,39.67,40.5,33.47,339.6,-0.0249
12-03-2020,37.37,38.73,39.63,36.42,283.64,-0.1161
11-03-2020,42.28,42.68,43.57,40.87,201.2,-0.0172
10-03-2020,43.02,43.96,44.53,40.53,233.92,0.0614
09-03-2020,40.53,40.36,44.2,40.33,256.11,-0.1358
06-03-2020,46.9,46,47.13,45.62,189.94,-0.029
05-03-2020,48.3,48.25,49.72,47.87,162.79,-0.0334
04-03-2020,49.97,50.93,51.1,48.32,225.73,0.0054
03-03-2020,49.7,53.67,53.8,47.74,386.76,0.0026
02-03-2020,49.57,47.42,49.58,45.78,302.93,0.1132
28-02-2020,44.53,41.98,46.03,40.77,368.46,-0.0163
27-02-2020,45.27,48.67,49.32,44.6,364.16,-0.1281
26-02-2020,51.92,52.17,54.22,51.74,212.31,-0.0264
25-02-2020,53.33,56.6,57.11,52.47,259.36,-0.0407
24-02-2020,55.59,55.93,57.57,54.81,227.88,-0.0746
21-02-2020,60.07,60.47,60.87,58.7,215.09,0.0018
20-02-2020,59.96,60.8,60.8,57.33,264.52,-0.0196
19-02-2020,61.16,61.57,62.99,60.07,381.34,0.0687
18-02-2020,57.23,56.11,57.33,55.49,250.48,0.0729
14-02-2020,53.34,52.48,54.2,52.37,235.41,-0.0049
13-02-2020,53.6,49.46,54.53,49,394.34,0.0479
12-02-2020,51.15,51.86,52.65,50.89,180.34,-0.0093
11-02-2020,51.63,51.25,52.23,50.53,175.46,0.0041
10-02-2020,51.42,53.33,54.67,50.16,370.34,0.0311
07-02-2020,49.87,48.7,51.32,48.67,255.95,-0.0012
06-02-2020,49.93,46.66,53.06,45.8,598.21,0.0194
05-02-2020,48.98,54.88,56.4,46.94,726.36,-0.1718
04-02-2020,59.14,58.86,64.6,55.59,914.08,0.1373
03-02-2020,52,44.91,52.41,44.9,708.5,0.199
31-01-2020,43.37,42.67,43.53,42.17,235.79,0.0152
30-01-2020,42.72,42.16,43.39,41.2,435.09,0.103
29-01-2020,38.73,38.38,39.32,37.83,273.25,0.0249
28-01-2020,37.79,37.9,38.45,37.21,176.83,0.0159
27-01-2020,37.2,36.13,37.63,35.95,204.12,-0.012
24-01-2020,37.65,38.04,38.26,36.95,215.3,-0.0131
23-01-2020,38.15,37.62,38.8,37.04,294.77,0.0047
22-01-2020,37.97,38.13,39.63,37.27,470.54,0.0408
21-01-2020,36.48,35.35,36.57,35.23,267.05,0.072
17-01-2020,34.03,33.84,34.38,33.54,204.44,-0.0058
16-01-2020,34.23,32.92,34.3,32.81,326.05,-0.0098
15-01-2020,34.57,35.32,35.86,34.45,260.53,-0.036
14-01-2020,35.86,36.28,36.49,34.99,435.92,0.0249
13-01-2020,34.99,32.9,35.04,32.8,399.52,0.0976
10-01-2020,31.88,32.12,32.33,31.58,194.65,-0.0065
09-01-2020,32.09,33.14,33.25,31.52,426.95,-0.0219
08-01-2020,32.81,31.58,33.23,31.22,467.99,0.0492
07-01-2020,31.27,30.76,31.44,30.22,273.14,0.0389
06-01-2020,30.1,29.36,30.1,29.33,152.36,0.0193
03-01-2020,29.53,29.37,30.27,29.13,266.92,0.0296
02-01-2020,28.68,28.3,28.71,28.11,143.38,0.0283
31-12-2019,27.89,27,28.09,26.81,154.39,0.0087
30-12-2019,27.65,28.59,28.6,27.28,189.02,-0.0362
27-12-2019,28.69,29,29.02,28.41,149.35,-0.0014
26-12-2019,28.73,28.53,28.9,28.42,159.72,0.0134
24-12-2019,28.35,27.89,28.36,27.51,120.82,0.0143
23-12-2019,27.95,27.45,28.13,27.33,199.99,0.0337
20-12-2019,27.04,27.35,27.53,26.68,221.78,0.0037
19-12-2019,26.94,26.49,27.12,26.43,271.8,0.0279
18-12-2019,26.21,25.38,26.35,25.37,212.05,0.0372
17-12-2019,25.27,25.27,25.7,25.06,127.56,-0.0063
16-12-2019,25.43,24.17,25.57,24.17,273.31,0.0645
13-12-2019,23.89,24.07,24.35,23.64,98.61,-0.0038
12-12-2019,23.98,23.66,24.18,23.55,116.64,0.02
11-12-2019,23.51,23.46,23.81,23.41,103.79,0.0107
10-12-2019,23.26,22.66,23.38,22.62,132.6,0.0274
09-12-2019,22.64,22.44,22.96,22.34,135.6,0.0112
06-12-2019,22.39,22.33,22.59,22.32,114.28,0.0168
05-12-2019,22.02,22.19,22.29,21.82,56.05,-0.0081
04-12-2019,22.2,22.52,22.52,22.19,83.04,-0.0094
03-12-2019,22.41,22.17,22.53,22.15,99.2,0.004
02-12-2019,22.32,21.96,22.43,21.91,91.23,0.0145
29-11-2019,22,22.07,22.08,21.83,36.98,-0.0041
27-11-2019,22.09,22.07,22.26,21.9,83.45,0.0073
26-11-2019,21.93,22.35,22.37,21.81,119.34,-0.0219
25-11-2019,22.42,22.95,22.97,22.3,185.19,0.0099
22-11-2019,22.2,22.68,22.73,22,253.06,-0.0617
21-11-2019,23.66,23.63,24.06,23.6,91.65,0.0077
20-11-2019,23.48,24,24.08,23.3,101.01,-0.0204
19-11-2019,23.97,23.45,24,23.19,116.04,0.0274
18-11-2019,23.33,23.53,23.54,23.07,66.13,-0.0064
15-11-2019,23.48,23.38,23.52,23.22,72.19,0.0082
14-11-2019,23.29,23.07,23.59,22.86,97.08,0.0095
13-11-2019,23.07,23.67,23.76,23.01,127.02,-0.0111
12-11-2019,23.33,23.13,23.36,22.94,110.39,0.0139
11-11-2019,23.01,22.93,23.28,22.8,149.91,0.0236
08-11-2019,22.48,22.3,22.5,22.17,91.11,0.0049
07-11-2019,22.37,21.94,22.77,21.87,217.01,0.0276
06-11-2019,21.77,21.2,21.78,20.97,119.11,0.0293
05-11-2019,21.15,21.31,21.57,21.07,104.15,-0.0005
04-11-2019,21.16,20.99,21.46,20.62,131.81,0.0129
01-11-2019,20.89,21.09,21.1,20.65,95.76,-0.0048
31-10-2019,20.99,20.87,21.27,20.87,76,-0.0005
30-10-2019,21,20.87,21.25,20.66,144.63,-0.0038
29-10-2019,21.08,21.33,21.62,20.98,190.26,-0.0352
28-10-2019,21.85,21.84,22.72,21.51,283.05,-0.0014
25-10-2019,21.88,19.85,22,19.74,450.09,0.0951
24-10-2019,19.98,19.89,20.33,19.28,447.29,0.1767
23-10-2019,16.98,16.97,17.08,16.76,168.24,-0.0035
22-10-2019,17.04,16.95,17.22,16.72,69.38,0.0083
21-10-2019,16.9,17.22,17.3,16.68,76.62,-0.0134
18-10-2019,17.13,17.38,17.52,17.01,86.31,-0.0189
17-10-2019,17.46,17.5,17.65,17.34,71.69,0.0081
16-10-2019,17.32,17.16,17.47,17.13,100.56,0.0076
15-10-2019,17.19,17.18,17.33,16.94,97.19,0.0035
14-10-2019,17.13,16.53,17.24,16.48,153.4,0.0363
11-10-2019,16.53,16.48,16.74,16.45,127.32,0.0129
10-10-2019,16.32,16.35,16.62,16.11,94.7,0.0012
09-10-2019,16.3,16.09,16.49,16.04,104.03,0.0187
08-10-2019,16,15.72,16.26,15.63,130.54,0.0095
07-10-2019,15.85,15.32,15.9,15.24,121.3,0.0272
04-10-2019,15.43,15.44,15.65,15.2,120.32,-0.0071
03-10-2019,15.54,15.46,15.63,14.95,227.07,-0.0413
02-10-2019,16.21,16.22,16.31,15.96,93.85,-0.0061
01-10-2019,16.31,16.1,16.4,15.94,92.94,0.0156
30-09-2019,16.06,16.2,16.27,15.74,89.19,-0.005
27-09-2019,16.14,16.15,16.58,15.92,166.85,-0.0019
26-09-2019,16.17,15.38,16.22,15.16,181.18,0.0603
25-09-2019,15.25,14.97,15.27,14.56,141.66,0.0249
24-09-2019,14.88,16.1,16.13,14.84,194.12,-0.0746
23-09-2019,16.08,16,16.35,15.95,65.87,0.0025
20-09-2019,16.04,16.43,16.46,15.88,97.59,-0.0243
19-09-2019,16.44,16.4,16.53,16.32,73.25,0.0129
18-09-2019,16.23,16.33,16.54,16.16,63.42,-0.0055
17-09-2019,16.32,16.16,16.37,16.02,59.2,0.008
16-09-2019,16.19,16.4,16.5,16.08,70.92,-0.0098
13-09-2019,16.35,16.46,16.56,16.32,79.7,-0.0024
12-09-2019,16.39,16.51,16.9,16.29,128.72,-0.0049
11-09-2019,16.47,15.83,16.54,15.73,150.64,0.049
10-09-2019,15.7,15.39,15.7,15.26,73.26,0.0162
09-09-2019,15.45,15.33,15.58,15.28,72.04,0.0191
06-09-2019,15.16,15.15,15.31,15.01,62.84,-0.0098
05-09-2019,15.31,14.83,15.32,14.72,111.05,0.0408
04-09-2019,14.71,15.13,15.23,14.61,86.53,-0.0193
03-09-2019,15,14.94,15.26,14.88,80.41,-0.0027
30-08-2019,15.04,15.28,15.5,14.95,139.92,0.0176
29-08-2019,14.78,14.6,14.89,14.53,77.75,0.0285
28-08-2019,14.37,14.25,14.48,14.15,48.58,0.007
27-08-2019,14.27,14.38,14.59,14.14,81.31,-0.0042
26-08-2019,14.33,14.24,14.33,14.1,75.82,0.017
23-08-2019,14.09,14.66,14.74,14.07,128.4,-0.0486
22-08-2019,14.81,14.85,15.03,14.55,98.47,0.0061
21-08-2019,14.72,14.8,14.88,14.51,117,-0.0226
20-08-2019,15.06,15.17,15.27,14.97,62.56,-0.004
19-08-2019,15.12,14.95,15.19,14.78,79.68,0.0314
16-08-2019,14.66,14.44,14.82,14.4,78.11,0.0195
15-08-2019,14.38,14.72,14.77,14.1,123.48,-0.0178
14-08-2019,14.64,15.41,15.43,14.45,143.44,-0.0657
13-08-2019,15.67,15.25,15.73,15.17,73.04,0.0262
12-08-2019,15.27,15.53,15.72,15.25,69.96,-0.0255
09-08-2019,15.67,15.74,15.93,15.59,58.47,-0.0138
08-08-2019,15.89,15.63,15.99,15.51,79.12,0.0212
07-08-2019,15.56,15.1,15.57,15.05,71.65,0.0117
06-08-2019,15.38,15.46,15.5,15.05,83.46,0.0105
05-08-2019,15.22,15.31,15.42,15.05,105.42,-0.0256
02-08-2019,15.62,15.42,15.75,15.28,92.05,0.0019
01-08-2019,15.59,16.18,16.3,15.45,123.89,-0.0323
31-07-2019,16.11,16.2,16.45,15.78,137.67,-0.0025
30-07-2019,16.15,15.53,16.22,15.48,121.64,0.0274
29-07-2019,15.72,15.14,15.73,15.07,139.1,0.0342
26-07-2019,15.2,15.13,15.35,14.82,150.42,-0.0033
25-07-2019,15.25,15.57,15.63,15.04,336.27,-0.1365
24-07-2019,17.66,17.28,17.74,17.21,166.09,0.0185
23-07-2019,17.34,17.11,17.37,16.97,75.35,0.017
22-07-2019,17.05,17.25,17.48,16.95,102.69,-0.0093
19-07-2019,17.21,17.05,17.33,16.97,105.73,0.0183
18-07-2019,16.9,17,17.05,16.79,71.47,-0.0053
17-07-2019,16.99,17.04,17.22,16.89,146.47,0.0095
16-07-2019,16.83,16.62,16.9,16.53,122.23,-0.0041
15-07-2019,16.9,16.53,16.96,16.32,165,0.0343
12-07-2019,16.34,15.98,16.36,15.98,138.01,0.027
11-07-2019,15.91,15.88,16.1,15.72,112.72,-0.0013
10-07-2019,15.93,15.61,15.93,15.54,137.19,0.0385
09-07-2019,15.34,15.26,15.4,15.15,92.86,-0.0013
08-07-2019,15.36,15.42,15.48,15.24,88.21,-0.0116
05-07-2019,15.54,15.64,15.7,15.39,105.99,-0.0077
03-07-2019,15.66,15.96,16.1,15.63,213.02,0.0461
02-07-2019,14.97,15.26,15.28,14.81,138.89,-0.0112
01-07-2019,15.14,15.35,15.54,15.09,123.57,0.0161
28-06-2019,14.9,14.73,15.01,14.72,102.77,0.0027
27-06-2019,14.86,14.63,14.86,14.49,95.1,0.0164
26-06-2019,14.62,14.69,15.15,14.54,127.61,-0.002
25-06-2019,14.65,14.96,15.02,14.63,92.73,-0.0174
24-06-2019,14.91,14.88,15.06,14.73,86.26,0.0081
21-06-2019,14.79,14.41,14.81,14.37,123.03,0.0102
20-06-2019,14.64,14.87,15.13,14.42,177.95,-0.0305
19-06-2019,15.1,15.01,15.18,14.74,98.63,0.008
18-06-2019,14.98,15.25,15.65,14.84,190.74,-0.0013
17-06-2019,15,14.37,15.13,14.28,184.75,0.0468
14-06-2019,14.33,14.08,14.44,14.03,111.5,0.0049
13-06-2019,14.26,14.03,14.33,13.83,122.52,0.0222
12-06-2019,13.95,14.86,14.89,13.93,227.96,-0.0359
11-06-2019,14.47,14.61,14.73,14.23,174.8,0.0197
10-06-2019,14.19,14.02,14.46,13.93,158.78,0.0411
07-06-2019,13.63,13.67,14.06,13.57,240.05,-0.0073
06-06-2019,13.73,13.63,14.07,13.45,303.63,0.0473
05-06-2019,13.11,13.25,13.42,12.79,202.66,0.0155
04-06-2019,12.91,12.07,12.93,11.97,207.11,0.0821
03-06-2019,11.93,12.37,12.45,11.8,195.97,-0.0332
31-05-2019,12.34,12.34,12.66,12.27,156.1,-0.0167
30-05-2019,12.55,12.58,12.82,12.47,118.9,-0.0087
29-05-2019,12.66,12.47,12.83,12.34,179.53,0.0064
28-05-2019,12.58,12.75,13,12.52,154.69,-0.0102
24-05-2019,12.71,13.32,13.33,12.58,212.05,-0.0246
23-05-2019,13.03,12.96,13.3,12.41,398.21,0.014
22-05-2019,12.85,13.27,13.6,12.79,280.28,-0.06
21-05-2019,13.67,13.18,13.83,13.07,270.06,-0.0015
20-05-2019,13.69,13.52,13.73,13.02,307.89,-0.027
17-05-2019,14.07,14.8,14.82,13.93,266.8,-0.0756
16-05-2019,15.22,15.3,15.4,15.1,112.25,-0.0155
15-05-2019,15.46,15.29,15.5,15.02,109.44,-0.0019
14-05-2019,15.49,15.29,15.63,15.2,108.79,0.0238
13-05-2019,15.13,15.47,15.5,14.97,162.52,-0.0526
10-05-2019,15.97,15.98,16.13,15.73,105.13,-0.0099
09-05-2019,16.13,16.13,16.25,15.8,100.67,-0.0116
08-05-2019,16.32,16.46,16.71,16.28,92.65,-0.0091
07-05-2019,16.47,17.12,17.15,16.34,151.97,-0.0323
06-05-2019,17.02,16.67,17.22,16.57,162.51,0.0012
03-05-2019,17,16.26,17.11,16.23,355.6,0.0449
02-05-2019,16.27,16.37,16.48,15.85,272.39,0.0429
01-05-2019,15.6,15.92,16,15.43,160.57,-0.0195
30-04-2019,15.91,16.14,16.28,15.8,141.97,-0.0118
29-04-2019,16.1,15.72,16.27,15.48,250.72,0.0268
26-04-2019,15.68,16.43,16.45,15.41,335.41,-0.0503
25-04-2019,16.51,17,17.27,16.4,327.74,-0.0423
24-04-2019,17.24,17.59,17.69,17.2,160.91,-0.0199
23-04-2019,17.59,17.34,17.71,17.05,164.16,0.004
22-04-2019,17.52,17.93,17.98,17.5,182.21,-0.0384
18-04-2019,18.22,18.08,18.32,17.98,88.14,0.0077
17-04-2019,18.08,18.32,18.32,17.9,76.9,-0.0077
16-04-2019,18.22,17.72,18.33,17.65,109.09,0.0259
15-04-2019,17.76,17.91,17.93,17.24,150.58,-0.005
12-04-2019,17.85,18.01,18.13,17.79,101.19,-0.0022
11-04-2019,17.89,17.89,18.03,17.71,147.54,-0.0277
10-04-2019,18.4,18.45,18.56,18.19,105.92,0.0138
09-04-2019,18.15,18.11,18.33,17.97,88.56,-0.0033
08-04-2019,18.21,18.51,18.74,18.03,156.16,-0.0065
05-04-2019,18.33,17.99,18.41,17.74,195.57,0.0269
04-04-2019,17.85,17.46,18.08,17.37,355.81,-0.0823
03-04-2019,19.45,19.15,19.74,19.14,118.95,0.0205
02-04-2019,19.06,19.22,19.3,18.93,82.18,-0.0114
01-04-2019,19.28,18.84,19.28,18.75,121.66,0.0332
29-03-2019,18.66,18.58,18.68,18.3,89.87,0.0048
28-03-2019,18.57,18.48,18.69,18.34,101.61,0.0136
27-03-2019,18.32,17.92,18.36,17.88,131.69,0.0263
26-03-2019,17.85,17.63,18.02,17.63,110.26,0.0282
25-03-2019,17.36,17.31,17.55,16.96,153.23,-0.0159
22-03-2019,17.64,18.17,18.19,17.6,131.18,-0.0345
21-03-2019,18.27,18.17,18.43,17.9,89.21,0.0016
20-03-2019,18.24,17.98,18.33,17.75,103.62,0.023
19-03-2019,17.83,17.83,18.22,17.56,177.01,-0.0078
18-03-2019,17.97,18.4,18.54,17.82,154.21,-0.0212
15-03-2019,18.36,18.9,18.91,18.29,221.78,-0.0502
14-03-2019,19.33,19.5,19.69,19.22,106.55,0.0036
13-03-2019,19.26,18.93,19.47,18.85,102.67,0.0196
12-03-2019,18.89,19.1,19.2,18.74,112.56,-0.0258
11-03-2019,19.39,18.9,19.42,18.7,110.88,0.0238
08-03-2019,18.94,18.46,19.04,18.39,132.29,0.0271
07-03-2019,18.44,18.59,18.98,18.28,141.64,0.0011
06-03-2019,18.42,18.43,18.77,18.29,155.03,-0.0011
05-03-2019,18.44,18.8,18.93,18.01,281.47,-0.0305
04-03-2019,19.02,19.87,19.93,18.85,256.45,-0.0321
01-03-2019,19.65,20.46,20.48,19.46,343.67,-0.0788
28-02-2019,21.33,21.26,21.33,20.72,157.81,0.0167
27-02-2019,20.98,20.12,21.09,20.04,167.76,0.0564
26-02-2019,19.86,19.48,20.13,19.25,128.74,-0.003
25-02-2019,19.92,19.86,20.19,19.8,99.4,0.0137
22-02-2019,19.65,19.63,19.77,19.47,86.11,0.0118
21-02-2019,19.42,20.12,20.22,19.37,133.64,-0.0372
20-02-2019,20.17,20.29,20.42,19.93,107.13,-0.0103
19-02-2019,20.38,20.44,20.77,20.36,62.53,-0.0073
15-02-2019,20.53,20.3,20.53,20.26,58.57,0.0138
14-02-2019,20.25,20.23,20.45,20.07,78.01,-0.0141
13-02-2019,20.54,20.82,20.85,20.37,77.12,-0.012
12-02-2019,20.79,21.08,21.21,20.64,82.76,-0.0034
11-02-2019,20.86,20.77,21.24,20.7,106.95,0.0231
08-02-2019,20.39,20.46,20.5,19.9,87.66,-0.0054
07-02-2019,20.5,20.89,20.98,20.2,97.81,-0.0307
06-02-2019,21.15,21.31,21.62,21.04,75.58,-0.0126
05-02-2019,21.42,20.83,21.5,20.82,101.14,0.0268
04-02-2019,20.86,20.87,21.02,20.13,110.28,0.0024
01-02-2019,20.81,20.36,21.07,20.23,109.25,0.0166
31-01-2019,20.47,20.07,20.77,19.6,188.54,-0.0053
30-01-2019,20.58,20.03,20.6,19.9,168.75,0.0378
29-01-2019,19.83,19.68,19.9,19.45,69.33,0.0035
28-01-2019,19.76,19.53,19.83,19.18,96.35,-0.002
25-01-2019,19.8,19.63,19.9,19.3,108.87,0.019
24-01-2019,19.43,18.87,19.58,18.62,120.18,0.0136
23-01-2019,19.17,19.5,19.63,18.78,187.95,-0.0381
22-01-2019,19.93,20.32,20.53,19.7,181,-0.0109
18-01-2019,20.15,21.53,21.81,19.98,362.26,-0.1296
17-01-2019,23.15,23.08,23.43,22.94,55.15,0.0035
16-01-2019,23.07,22.99,23.47,22.9,70.38,0.0048
15-01-2019,22.96,22.33,23.25,22.3,90.85,0.0301
14-01-2019,22.29,22.83,22.83,22.27,78.71,-0.0371
11-01-2019,23.15,22.81,23.23,22.58,75.59,0.0065
10-01-2019,23,22.29,23.03,22.12,90.85,0.0191
09-01-2019,22.57,22.37,22.9,22.1,81.49,0.0094
08-01-2019,22.36,22.8,22.93,21.8,105.13,0.0013
07-01-2019,22.33,21.45,22.45,21.18,113.27,0.0543
04-01-2019,21.18,20.4,21.2,20.18,110.91,0.0579
03-01-2019,20.02,20.47,20.63,19.83,104.48,-0.0314
02-01-2019,20.67,20.41,21.01,19.92,174.88,-0.0685
31-12-2018,22.19,22.52,22.61,21.68,94.54,-0.0031
28-12-2018,22.26,21.54,22.42,21.23,149.09,0.056
27-12-2018,21.08,21.32,21.48,20.1,128.63,-0.0304
26-12-2018,21.74,20,21.8,19.61,122.45,0.1041
24-12-2018,19.69,20.9,20.97,19.68,83.4,-0.0765
21-12-2018,21.32,21.16,21.56,20.83,120.25,0.0138
20-12-2018,21.03,21.8,22.02,20.79,136.08,-0.0527
19-12-2018,22.2,22.51,23.13,21.98,124.11,-0.012
18-12-2018,22.47,23.37,23.44,22.25,106.5,-0.0327
17-12-2018,23.23,24.13,24.38,22.93,115.11,-0.0472
14-12-2018,24.38,25,25.19,24.29,95.06,-0.0295
13-12-2018,25.12,24.68,25.16,24.45,110.49,0.0278
12-12-2018,24.44,24.63,24.79,24.34,75.41,-0.0004
11-12-2018,24.45,24.66,24.81,24.02,94.63,0.0045
10-12-2018,24.34,24,24.4,23.54,99.2,0.0201
07-12-2018,23.86,24.6,25.3,23.84,172.67,-0.014
06-12-2018,24.2,23.73,24.49,23.38,117.64,0.0092
04-12-2018,23.98,23.74,24.58,23.47,126.93,0.0033
03-12-2018,23.9,24,24.4,23.47,124.6,0.0227
30-11-2018,23.37,22.79,23.44,22.55,84.43,0.0277
29-11-2018,22.74,23.13,23.17,22.64,46.21,-0.0194
28-11-2018,23.19,23.07,23.22,22.81,61.91,0.0113
27-11-2018,22.93,22.67,23.13,22.37,95.37,-0.0061
26-11-2018,23.07,21.67,23.08,21.67,119.88,0.0622
23-11-2018,21.72,22.29,22.5,21.7,63.04,-0.0368
21-11-2018,22.55,23.47,23.54,22.49,70.3,-0.0268
20-11-2018,23.17,22.78,23.32,22.24,120.07,-0.0166
19-11-2018,23.56,23.76,24.45,23.53,145.63,-0.0025
16-11-2018,23.62,23.01,23.71,23.01,108.09,0.0168
15-11-2018,23.23,22.82,23.24,22.6,69.39,0.0131
14-11-2018,22.93,22.85,23.14,22.48,75.6,0.0155
13-11-2018,22.58,22.21,22.98,22.15,81.73,0.0222
12-11-2018,22.09,23.22,23.32,22.02,104.12,-0.0548
09-11-2018,23.37,23.27,23.6,23.02,76.48,-0.0026
08-11-2018,23.43,23.23,23.84,23.23,106.36,0.0095
07-11-2018,23.21,22.89,23.41,22.72,110.62,0.0207
06-11-2018,22.74,22.6,23.25,22.41,101.44,-0.0009
05-11-2018,22.76,22.7,22.93,22.01,117.47,-0.0143
02-11-2018,23.09,22.92,23.28,22.73,117.12,0.0061
01-11-2018,22.95,22.55,23.19,22.31,120,0.0205
31-10-2018,22.49,22.17,22.8,21.94,114.37,0.0227
30-10-2018,21.99,21.89,22.53,21.48,136.9,-0.0148
29-10-2018,22.32,22.5,23.14,21.77,217.29,0.0118
26-10-2018,22.06,20.55,22.66,20.44,411.38,0.051
25-10-2018,20.99,21.15,21.4,20.07,312.61,0.0915
24-10-2018,19.23,20.07,20.3,19.05,300.87,-0.0194
23-10-2018,19.61,17.59,19.86,17.47,285.42,0.127
22-10-2018,17.4,17.38,17.46,16.84,84,0.004
19-10-2018,17.33,17.83,17.98,16.9,140.63,-0.0148
18-10-2018,17.59,17.95,18.07,17.53,81.32,-0.0292
17-10-2018,18.12,18.83,18.85,17.72,129.83,-0.0174
16-10-2018,18.44,17.71,18.49,17.48,142.9,0.0653
15-10-2018,17.31,17.27,17.55,16.97,93,0.0035
12-10-2018,17.25,17.4,17.47,16.8,108.02,0.0256
11-10-2018,16.82,17.17,17.48,16.6,122.52,-0.0181
10-10-2018,17.13,17.64,17.7,16.52,192.23,-0.0223
09-10-2018,17.52,17.02,17.78,16.89,180.91,0.0491
08-10-2018,16.7,17.63,17.85,16.6,202.09,-0.0435
05-10-2018,17.46,18.31,18.33,17.33,269.17,-0.0708
04-10-2018,18.79,19.6,19.6,18.51,147.21,-0.0438
03-10-2018,19.65,20.22,20.31,19.44,119.92,-0.0209
02-10-2018,20.07,20.93,21.12,19.94,176.15,-0.0309
01-10-2018,20.71,20.38,20.76,20.07,326.66,0.1734
28-09-2018,17.65,18.02,18.53,17.37,504.75,-0.139
27-09-2018,20.5,20.86,21,20.46,127.64,-0.0068
26-09-2018,20.64,20.13,20.93,20.07,117.65,0.0284
25-09-2018,20.07,20,20.31,19.77,67.23,0.0045
24-09-2018,19.98,19.9,20.2,19.57,72.64,0.002
21-09-2018,19.94,19.85,20.04,19.69,75.76,0.0025
20-09-2018,19.89,20.24,20.4,19.56,110.24,-0.002
19-09-2018,19.93,18.7,20,18.7,124.42,0.0489
18-09-2018,19,19.78,20.18,18.37,248.21,-0.0336
17-09-2018,19.66,19.34,20.06,19.21,103.31,-0.001
14-09-2018,19.68,19.25,19.82,19.1,101.48,0.0197
13-09-2018,19.3,19.2,19.67,19.01,95.11,-0.0036
12-09-2018,19.37,18.76,19.5,18.58,150.23,0.0397
11-09-2018,18.63,18.63,18.8,18.24,137.55,-0.021
10-09-2018,19.03,18.22,19.07,18.07,214.25,0.0843
07-09-2018,17.55,17.34,17.89,16.82,337.38,-0.063
06-09-2018,18.73,18.99,19.41,18.59,112.21,0.0005
05-09-2018,18.72,19,19.12,18.48,115.81,-0.028
04-09-2018,19.26,19.8,19.88,19.2,125.26,-0.0423
31-08-2018,20.11,20.13,20.35,19.91,80.63,-0.0049
30-08-2018,20.21,20.15,20.31,19.85,108.25,-0.0059
29-08-2018,20.33,20.68,20.79,20.25,111.71,-0.0221
28-08-2018,20.79,21.23,21.26,20.75,114.74,-0.023
27-08-2018,21.28,21.2,21.5,20.59,196.19,-0.0112
24-08-2018,21.52,21.38,21.59,21.29,54.04,0.0084
23-08-2018,21.34,21.28,21.82,21.21,77.21,-0.0047
22-08-2018,21.44,21.39,21.59,20.98,89.19,-0.0009
21-08-2018,21.46,20.71,21.65,20.6,197.58,0.0438
20-08-2018,20.56,19.45,20.57,19.21,261.04,0.0093
17-08-2018,20.37,21.57,21.78,20.24,284.38,-0.089
16-08-2018,22.36,22.66,22.82,22.25,90.96,-0.0097
15-08-2018,22.58,22.79,22.97,22.14,136.52,-0.0259
14-08-2018,23.18,23.9,23.95,23.14,104.8,-0.0244
13-08-2018,23.76,24.08,24.21,23.27,156.96,0.0025
10-08-2018,23.7,23.6,24,23.07,173.28,0.0085
09-08-2018,23.5,24.37,24.47,23.05,257.76,-0.0482
08-08-2018,24.69,24.61,25.51,24.47,368.57,-0.0241
07-08-2018,25.3,22.92,25.83,22.61,463.14,0.1096
06-08-2018,22.8,23.03,23.67,22.79,128.47,-0.0177
03-08-2018,23.21,23.19,23.67,22.84,204.85,-0.0039
02-08-2018,23.3,21.9,23.33,21.54,348.22,0.1615
01-08-2018,20.06,19.87,20.2,19.53,151.94,0.0091
31-07-2018,19.88,19.48,19.89,19.27,76.15,0.0279
30-07-2018,19.34,19.73,19.74,19.08,102.21,-0.0237
27-07-2018,19.81,20.48,20.51,19.69,85.55,-0.0308
26-07-2018,20.44,20.32,20.71,20.24,69.46,-0.0068
25-07-2018,20.58,19.78,20.64,19.63,106.41,0.0378
24-07-2018,19.83,20.29,20.51,19.5,143.86,-0.0188
23-07-2018,20.21,20.12,20.37,19.52,164.89,-0.0335
20-07-2018,20.91,21.42,21.55,20.78,77.5,-0.0206
19-07-2018,21.35,21.09,21.57,20.93,88.73,-0.0111
18-07-2018,21.59,21.67,21.7,21.08,84.36,0.0037
17-07-2018,21.51,20.59,21.65,20.57,104.94,0.0406
16-07-2018,20.67,20.78,21.01,20.42,117.28,-0.0278
13-07-2018,21.26,21.04,21.31,20.62,88.14,0.0071
12-07-2018,21.11,21.43,21.55,20.85,85.82,-0.0071
11-07-2018,21.26,21.05,21.46,21,73.26,-0.0112
10-07-2018,21.5,21.64,21.85,21.28,142.07,0.0127
09-07-2018,21.23,20.8,21.23,20.53,113.95,0.0311
06-07-2018,20.59,20.33,20.8,20.13,132.98,-0.001
05-07-2018,20.61,20.92,20.96,19.75,262.15,-0.0053
03-07-2018,20.72,22.12,22.17,20.65,184.24,-0.0725
02-07-2018,22.34,24,24.32,21.99,281.4,-0.0227
29-06-2018,22.86,23.56,23.59,22.83,97.39,-0.0201
28-06-2018,23.33,23.24,23.8,23.07,125.97,0.0157
27-06-2018,22.97,23,23.39,22.63,125.01,0.0075
26-06-2018,22.8,22.4,22.9,21.72,111.79,0.027
25-06-2018,22.2,22.01,22.56,21.83,103.97,-0.0018
22-06-2018,22.24,23.44,23.48,22.13,153.99,-0.0401
21-06-2018,23.17,24.13,24.41,23.08,119.51,-0.0406
20-06-2018,24.15,23.87,24.29,23.47,125.75,0.0277
19-06-2018,23.5,24.34,24.67,23.08,191.43,-0.0494
18-06-2018,24.72,23.69,24.92,23.63,181.1,0.0352
15-06-2018,23.88,23.59,24.31,23.42,162.72,0.0013
14-06-2018,23.85,23.18,23.92,23.11,164.72,0.0374
13-06-2018,22.99,23.11,23.15,22.65,142.05,0.0061
12-06-2018,22.85,22.98,23.66,22.53,335.21,0.0321
11-06-2018,22.14,21.5,22.31,21.5,197.75,0.0453
08-06-2018,21.18,21.27,21.63,21.14,123.08,0.0052
07-06-2018,21.07,21.08,22,20.91,215.18,-0.0108
06-06-2018,21.3,20.03,21.48,19.83,281.51,0.0974
05-06-2018,19.41,19.85,19.85,19.12,89.93,-0.0187
04-06-2018,19.78,19.62,19.93,19.57,71.97,0.017
01-06-2018,19.45,19.06,19.46,18.92,81.37,0.0248
31-05-2018,18.98,19.15,19.36,18.86,88.8,-0.0242
30-05-2018,19.45,18.89,19.67,18.77,112.35,0.028
29-05-2018,18.92,18.57,19.1,18.41,85,0.0178
25-05-2018,18.59,18.51,18.64,18.37,58.13,0.0038
24-05-2018,18.52,18.56,18.74,18.33,62.65,-0.0043
23-05-2018,18.6,18.52,18.66,18.27,89.78,0.0147
22-05-2018,18.33,19.18,19.2,18.23,134.19,-0.0337
21-05-2018,18.97,18.76,19.43,18.75,137.74,0.0282
18-05-2018,18.45,18.98,18.98,18.27,108.78,-0.0274
17-05-2018,18.97,19.06,19.28,18.93,66.31,-0.0068
16-05-2018,19.1,18.92,19.25,18.77,85.11,0.0079
15-05-2018,18.95,19,19.13,18.7,142.79,-0.0262
14-05-2018,19.46,20.22,20.33,19.44,109.3,-0.0304
11-05-2018,20.07,20.51,20.59,19.94,70.19,-0.0128
10-05-2018,20.33,20.5,20.87,20.27,84.77,-0.0064
09-05-2018,20.46,20.03,20.47,20,85.91,0.0164
08-05-2018,20.13,20.05,20.52,19.93,88.95,-0.0025
07-05-2018,20.18,19.83,20.4,19.68,130.17,0.0291
04-05-2018,19.61,18.87,19.79,18.63,128.54,0.0343
03-05-2018,18.96,18.59,19.2,18.35,260.28,-0.0558
02-05-2018,20.08,19.9,20.46,19.85,134.56,0.0045
01-05-2018,19.99,19.57,20.05,19.55,69.38,0.0204
30-04-2018,19.59,19.57,19.92,19.5,63.42,-0.0005
27-04-2018,19.6,19.02,19.63,18.92,65.47,0.03
26-04-2018,19.03,18.58,19.05,18.43,65.34,0.0171
25-04-2018,18.71,18.9,19.01,18.48,60.2,-0.0101
24-04-2018,18.9,19,19.14,18.56,85.28,0.0005
23-04-2018,18.89,19.42,19.44,18.82,73.4,-0.0238
20-04-2018,19.35,19.68,20,19.32,84.42,-0.033
19-04-2018,20.01,19.41,20.07,19.24,91.36,0.023
18-04-2018,19.56,19.41,20.02,19.21,98.37,0.0198
17-04-2018,19.18,19.26,19.48,18.83,105,-0.0118
16-04-2018,19.41,19.93,19.98,19.27,95.08,-0.0305
13-04-2018,20.02,20.24,20.26,19.73,109.91,0.0209
12-04-2018,19.61,20.15,20.26,19.58,114.13,-0.0224
11-04-2018,20.06,20.05,20.6,19.98,112.24,-0.0123
10-04-2018,20.31,19.93,20.47,19.58,165.36,0.0518
09-04-2018,19.31,20.02,20.63,19.28,153.75,-0.0321
06-04-2018,19.95,20.07,20.62,19.7,202.8,-0.0211
05-04-2018,20.38,19.29,20.42,19.21,286.82,0.0653
04-04-2018,19.13,16.85,19.22,16.8,298.45,0.0723
03-04-2018,17.84,17.99,18.22,16.97,282.67,0.06
02-04-2018,16.83,17.08,17.36,16.31,241.71,-0.0513
29-03-2018,17.74,17.1,18.06,16.55,227.56,0.032
28-03-2018,17.19,17.64,17.91,16.81,315.02,-0.0763
27-03-2018,18.61,20.27,20.28,18.48,208.08,-0.0823
26-03-2018,20.28,20.49,20.51,19.42,125.63,0.009
23-03-2018,20.1,20.75,20.77,20.03,99.82,-0.0247
22-03-2018,20.61,20.93,21.25,20.55,74.1,-0.0232
21-03-2018,21.1,20.68,21.5,20.68,89.38,0.0193
20-03-2018,20.7,20.99,21.08,20.58,71.46,-0.0096
19-03-2018,20.9,21.1,21.38,20.64,112.26,-0.0243
16-03-2018,21.42,21.73,21.83,21.27,91.76,-0.0134
15-03-2018,21.71,21.96,22.19,21.41,98.47,-0.0032
14-03-2018,21.78,22.45,22.65,21.6,119.51,-0.0443
13-03-2018,22.79,22.99,23.01,22.42,89.49,-0.0104
12-03-2018,23.03,21.91,23.15,21.77,123.96,0.0559
09-03-2018,21.81,21.61,21.9,21.49,82.6,-0.0059
08-03-2018,21.94,22.19,22.22,21.75,53.49,-0.0095
07-03-2018,22.15,21.7,22.17,21.45,75.11,0.0123
06-03-2018,21.88,22.25,22.42,21.8,64.29,-0.0153
05-03-2018,22.22,22.16,22.52,21.95,57.36,-0.0054
02-03-2018,22.34,21.8,22.35,21.53,76.39,0.0127
01-03-2018,22.06,23,23.24,22,103.28,-0.0354
28-02-2018,22.87,23.5,23.68,22.81,91.04,-0.0226
27-02-2018,23.4,23.75,24,23.33,71.96,-0.018
26-02-2018,23.83,23.57,23.93,23.49,65.1,0.0153
23-02-2018,23.47,23.19,23.67,23.14,87.26,0.0169
22-02-2018,23.08,22.37,23.16,22.32,104.55,0.0387
21-02-2018,22.22,22.4,22.65,22.21,48.29,-0.0045
20-02-2018,22.32,22.3,22.72,22.1,60.14,-0.0022
16-02-2018,22.37,22.17,22.87,22.11,84.64,0.0045
15-02-2018,22.27,21.63,22.27,21.49,88.69,0.0363
14-02-2018,21.49,21.39,21.74,21.23,59.26,-0.0042
13-02-2018,21.58,21,21.61,20.83,68.4,0.0252
12-02-2018,21.05,21.08,21.21,20.42,93.42,0.0174
09-02-2018,20.69,21.33,21.4,19.65,194.01,-0.0157
08-02-2018,21.02,22.89,23.24,20.97,154.72,-0.0861
07-02-2018,23,22.6,23.07,22.38,104.54,0.0332
06-02-2018,22.26,21.68,22.41,21.57,76.33,0.0023
05-02-2018,22.21,22.53,22.96,22.2,66.96,-0.031
02-02-2018,22.92,23.23,23.46,22.7,55.57,-0.0155
01-02-2018,23.28,23.4,23.98,23.24,62.97,-0.0144
31-01-2018,23.62,23.17,23.75,23.01,93.21,0.0247
30-01-2018,23.05,23.01,23.22,22.81,70.77,-0.0107
29-01-2018,23.3,22.66,23.39,22.55,71.21,0.0192
26-01-2018,22.86,22.77,22.93,22.38,68.09,0.0155
25-01-2018,22.51,23.22,23.28,22.43,101.1,-0.0239
24-01-2018,23.06,23.64,23.65,22.9,79.31,-0.0196
23-01-2018,23.52,24,24.03,23.4,81.98,0.0034
22-01-2018,23.44,23.29,23.86,23.28,93.16,0.0047
19-01-2018,23.33,23,23.37,22.84,73.32,0.0157
18-01-2018,22.97,23.04,23.49,22.92,85.29,-0.0073
17-01-2018,23.14,22.7,23.27,22.65,106.55,0.0207
16-01-2018,22.67,22.5,23,22.32,97.11,0.0116
12-01-2018,22.41,22.58,22.69,22.24,72.38,-0.0053
11-01-2018,22.53,22.35,22.99,22.22,99.68,0.0094
10-01-2018,22.32,22.15,22.47,22,64.65,0.0031
09-01-2018,22.25,22.34,22.59,21.83,107.2,-0.008
08-01-2018,22.43,21.07,22.47,21.03,147.89,0.0625
05-01-2018,21.11,21.11,21.15,20.8,68.87,0.0067
04-01-2018,20.97,20.86,21.24,20.38,149.19,-0.0085
03-01-2018,21.15,21.4,21.68,21.04,67.82,-0.0103
02-01-2018,21.37,20.8,21.47,20.73,65.28,0.0294
29-12-2017,20.76,21.08,21.09,20.67,56.66,-0.0124
28-12-2017,21.02,20.78,21.05,20.64,64.75,0.0115
27-12-2017,20.78,21.07,21.18,20.72,70.68,-0.0175
26-12-2017,21.15,21.59,21.6,21.11,65.68,-0.0244
22-12-2017,21.68,21.97,22.06,21.65,63.24,-0.0194
21-12-2017,22.11,21.97,22.25,21.81,65.78,0.0082
20-12-2017,21.93,22.18,22.21,21.67,89.31,-0.0063
19-12-2017,22.07,22.68,22.77,22.02,102.37,-0.023
18-12-2017,22.59,22.99,23.12,22.51,82.14,-0.0135
15-12-2017,22.9,22.8,22.93,22.38,104,0.0164
14-12-2017,22.53,22.73,23.16,22.46,87,-0.0031
13-12-2017,22.6,22.73,22.95,22.43,93.32,-0.0062
12-12-2017,22.74,22.03,22.76,22,131,0.0369
11-12-2017,21.93,20.98,21.93,20.92,119.07,0.0438
08-12-2017,21.01,20.97,21.13,20.75,52.03,0.0125
07-12-2017,20.75,20.8,21.24,20.74,71.71,-0.0062
06-12-2017,20.88,20.01,20.89,20,107.93,0.0311
05-12-2017,20.25,20.13,20.53,20.07,69.7,-0.0049
04-12-2017,20.35,20.43,20.55,20.04,87.53,-0.0044
01-12-2017,20.44,20.36,20.69,20.34,64.39,-0.0073
30-11-2017,20.59,20.57,20.71,20.3,65.27,0.0044
29-11-2017,20.5,21.15,21.2,20.08,131.51,-0.0316
28-11-2017,21.17,21.09,21.33,20.93,74.24,0.0024
27-11-2017,21.12,20.88,21.16,20.63,68.34,0.0038
24-11-2017,21.04,20.92,21.09,20.73,48.66,0.0096
22-11-2017,20.84,21.12,21.16,20.79,73.76,-0.0165
21-11-2017,21.19,20.72,21.22,20.58,108.92,0.0296
20-11-2017,20.58,20.92,21.03,20.32,123.71,-0.02
17-11-2017,21,21.71,21.78,20.88,206.03,0.0082
16-11-2017,20.83,20.93,21.21,20.75,87.33,0.0039
15-11-2017,20.75,20.4,20.83,20.1,89.68,0.0083
14-11-2017,20.58,21,21.09,20.46,85.14,-0.0214
13-11-2017,21.03,20.01,21.12,19.94,113.77,0.0411
09-11-2017,20.2,20.17,20.3,19.75,81.71,-0.0044
08-11-2017,20.29,20.37,20.46,20.09,70.88,-0.0054
07-11-2017,20.4,20.07,20.43,20,79.41,0.0104
06-11-2017,20.19,20.47,20.5,19.93,97.29,-0.0108
03-11-2017,20.41,19.97,20.42,19.68,133.41,0.0231
02-11-2017,19.95,20.01,20.58,19.51,296.87,-0.0682
01-11-2017,21.41,22.15,22.17,21.35,126.86,-0.0312
31-10-2017,22.1,21.35,22.13,21.35,85.09,0.0356
30-10-2017,21.34,21.28,21.59,21.15,63.82,-0.0023
27-10-2017,21.39,21.32,21.64,21.11,104.7,-0.0161
26-10-2017,21.74,21.85,22.02,21.55,75.35,0.0009
25-10-2017,21.72,22.45,22.5,21.57,128.91,-0.0342
24-10-2017,22.49,22.59,22.85,22.41,67.38,0.0009
23-10-2017,22.47,23.33,23.33,22.42,86.21,-0.0235
20-10-2017,23.01,23.51,23.64,22.96,73.96,-0.0188
19-10-2017,23.45,23.7,23.81,23.21,75.93,-0.0221
18-10-2017,23.98,23.73,24.2,23.61,74.09,0.011
17-10-2017,23.72,23.39,23.75,23.34,49.4,0.015
16-10-2017,23.37,23.58,23.63,23.14,80.63,-0.0139
13-10-2017,23.7,23.8,23.9,23.58,53.11,-0.0004
12-10-2017,23.71,23.53,23.99,23.51,61.31,0.003
11-10-2017,23.64,23.59,23.84,23.41,67.51,-0.003
10-10-2017,23.71,23.12,23.71,23.04,104.68,0.0372
09-10-2017,22.86,23.31,23.45,22.84,112.4,-0.0391
06-10-2017,23.79,23.54,24.01,23.48,64.46,0.0042
05-10-2017,23.69,23.73,23.83,23.42,62.58,0.0008
04-10-2017,23.67,23.42,23.91,23.31,122.45,0.0198
03-10-2017,23.21,22.39,23.24,22.09,152.3,0.0193
02-10-2017,22.77,22.83,22.91,22.37,79.3,0.0013
29-09-2017,22.74,22.79,22.98,22.57,76.61,0.0044
28-09-2017,22.64,22.66,22.85,22.36,79.79,-0.004
27-09-2017,22.73,23.33,23.43,22.7,90.91,-0.0126
26-09-2017,23.02,23.4,23.42,22.73,107.34,0.0009
25-09-2017,23,23.54,23.83,22.86,114.09,-0.0175
22-09-2017,23.41,24.43,24.66,23.39,122.39,-0.0418
21-09-2017,24.43,24.99,25.12,24.3,69.27,-0.0201
20-09-2017,24.93,24.87,25.22,24.74,73.79,-0.0032
19-09-2017,25.01,25.33,25.49,24.9,96.78,-0.0257
18-09-2017,25.67,25.35,25.97,25.18,107.82,0.0138
15-09-2017,25.32,24.97,25.33,24.85,81.31,0.0056
14-09-2017,25.18,24.29,25.2,24.18,108.04,0.0311
13-09-2017,24.42,24.25,24.54,23.97,62.78,0.0099
12-09-2017,24.18,24.3,24.58,24.03,89.59,-0.0029
11-09-2017,24.25,23.42,24.25,23.33,115.01,0.0594
08-09-2017,22.89,23.27,23.32,22.82,48.95,-0.0205
07-09-2017,23.37,23.07,23.5,22.9,63.59,0.0174
06-09-2017,22.97,23.3,23.4,22.77,61.37,-0.0146
05-09-2017,23.31,23.59,23.7,23.06,57.73,-0.016
01-09-2017,23.69,23.74,23.84,23.58,45.74,-0.0017
31-08-2017,23.73,23.57,23.9,23.52,61.09,0.0076
30-08-2017,23.55,23.31,23.56,23.13,51.19,0.0168
29-08-2017,23.16,22.63,23.27,22.58,61.11,0.0052
28-08-2017,23.04,23.15,23.16,22.65,56.46,-0.0069
25-08-2017,23.2,23.62,23.71,23.15,52.26,-0.014
24-08-2017,23.53,23.5,23.78,23.32,68.77,0.0004
23-08-2017,23.52,22.6,23.57,22.55,74.32,0.0334
22-08-2017,22.76,22.74,22.82,22.49,64.83,0.0107
21-08-2017,22.52,23.05,23.05,22.12,97.43,-0.0276
18-08-2017,23.16,23.53,23.6,23.05,81.12,-0.0128
17-08-2017,23.46,24.08,24.22,23.44,75.41,-0.0302
16-08-2017,24.19,24.2,24.43,24.17,51.21,0.0012
15-08-2017,24.16,24.35,24.37,23.96,46.28,-0.0037
14-08-2017,24.25,24.31,24.51,24.17,67.79,0.0163
11-08-2017,23.86,23.8,24.08,23.57,65.49,0.0072
10-08-2017,23.69,24.11,24.44,23.64,106.39,-0.0227
09-08-2017,24.24,24.07,24.67,23.93,103.38,-0.0045
08-08-2017,24.35,23.84,24.57,23.83,111.75,0.0283
07-08-2017,23.68,23.82,23.97,23.52,94.87,-0.0046
04-08-2017,23.79,23.13,23.82,22.89,139.03,0.0281
03-08-2017,23.14,23.02,23.33,22.88,203.03,0.0649
02-08-2017,21.73,21.26,21.81,20.75,196.37,0.0202
01-08-2017,21.3,21.53,21.63,21.08,124.55,-0.0121
31-07-2017,21.56,22.37,22.77,21.4,128.03,-0.0349
28-07-2017,22.34,22.46,22.64,22.17,73.21,0.0018
27-07-2017,22.3,23.07,23.17,21.75,124.54,-0.0271
26-07-2017,22.92,22.69,23.03,22.54,72.31,0.0124
25-07-2017,22.64,23,23.04,22.28,104.84,-0.0083
24-07-2017,22.83,22.02,22.89,22,129.56,0.0429
21-07-2017,21.89,21.96,22.08,21.72,73.52,-0.0045
20-07-2017,21.99,21.79,22.01,21.61,77.49,0.0143
19-07-2017,21.68,21.88,22.11,21.55,95.36,-0.0091
18-07-2017,21.88,21.17,21.94,21.04,95.61,0.0272
17-07-2017,21.3,21.7,21.81,20.9,148.15,-0.0252
14-07-2017,21.85,21.55,21.89,21.41,84.38,0.0135
13-07-2017,21.56,22.01,22.11,21.33,128.92,-0.0187
12-07-2017,21.97,22.03,22.21,21.63,155.19,0.0073
11-07-2017,21.81,21.07,21.82,20.95,173.39,0.0351
10-07-2017,21.07,20.86,21.2,20.21,207.31,0.0091
07-07-2017,20.88,20.9,21.13,20.49,212.65,0.0141
06-07-2017,20.59,21.15,21.39,20.42,289.87,-0.0559
05-07-2017,21.81,23.15,23.15,21.76,255.7,-0.0723
03-07-2017,23.51,24.68,24.76,23.43,94.58,-0.0249
30-06-2017,24.11,24.25,24.45,23.97,87.73,0.0025
29-06-2017,24.05,24.71,24.73,23.61,123.32,-0.0283
28-06-2017,24.75,24.45,24.78,24.17,94.54,0.0244
27-06-2017,24.16,25.09,25.09,24.13,104.95,-0.0401
26-06-2017,25.17,25.78,25.8,24.87,99.06,-0.0153
23-06-2017,25.56,25.5,25.8,25.29,96.69,0.002
22-06-2017,25.51,25.2,25.67,24.9,112.95,0.0167
21-06-2017,25.09,24.96,25.13,24.53,73.85,0.0109
20-06-2017,24.82,25.11,25.26,24.65,111.58,0.0069
19-06-2017,24.65,25,25.11,24.52,98.24,-0.0044
16-06-2017,24.76,25.2,25.2,24.67,100.96,-0.0104
15-06-2017,25.02,24.83,25.03,24.43,156.4,-0.0142
14-06-2017,25.38,25.41,25.62,25.09,192.28,0.0128
13-06-2017,25.06,24.51,25.07,24.44,177.12,0.0472
12-06-2017,23.93,23.87,24.3,23.37,157.77,0.0046
09-06-2017,23.82,24.96,25.12,23.65,258.92,-0.0345
08-06-2017,24.67,24.25,24.79,24.01,135.92,0.0288
07-06-2017,23.98,23.76,24.03,23.68,140.97,0.0196
06-06-2017,23.52,22.98,23.97,22.66,166.3,0.016
05-06-2017,23.15,22.57,23.23,22.28,101.77,0.0216
02-06-2017,22.66,22.65,22.86,22.4,83.85,-0.0013
01-06-2017,22.69,22.93,22.99,22.49,114.12,-0.0018
31-05-2017,22.73,22.51,22.86,22.34,149.45,0.0175
30-05-2017,22.34,21.73,22.42,21.72,116.74,0.0304
26-05-2017,21.68,21.15,21.7,21.09,117.03,0.0265
25-05-2017,21.12,20.73,21.13,20.52,75.21,0.0213
24-05-2017,20.68,20.43,20.73,20.36,75.63,0.0207
23-05-2017,20.26,20.7,20.72,20.23,64.78,-0.0208
22-05-2017,20.69,20.85,20.96,20.45,64.94,-0.0014
19-05-2017,20.72,21.03,21.1,20.68,70.31,-0.0072
18-05-2017,20.87,20.47,20.93,20.35,84.81,0.0225
17-05-2017,20.41,20.96,20.98,20.37,100.68,-0.0341
16-05-2017,21.13,21.17,21.34,21.01,62.29,0.0033
15-05-2017,21.06,21.23,21.35,20.84,114.33,-0.0273
12-05-2017,21.65,21.7,21.8,21.44,61.82,0.0051
11-05-2017,21.54,21.56,21.73,21.31,71.31,-0.0065
10-05-2017,21.68,21.44,21.7,21.21,86.12,0.0121
09-05-2017,21.42,20.63,21.47,20.61,145.15,0.0459
08-05-2017,20.48,20.73,20.92,20.39,105.1,-0.0039
05-05-2017,20.56,19.87,20.57,19.79,122.66,0.0437
04-05-2017,19.7,20.5,20.52,19.38,212.28,-0.0497
03-05-2017,20.73,21.18,21.44,20.7,107,-0.0249
02-05-2017,21.26,21.6,21.84,21.1,80.74,-0.0121
01-05-2017,21.52,20.99,21.82,20.99,132.44,0.0277
28-04-2017,20.94,20.66,20.99,20.53,67.58,0.0175
27-04-2017,20.58,20.78,20.87,20.5,52.03,-0.0048
26-04-2017,20.68,20.82,20.97,20.6,70.43,-0.0115
25-04-2017,20.92,20.53,20.93,20.39,101.07,0.0185
24-04-2017,20.54,20.61,20.7,20.4,76.25,0.0083
21-04-2017,20.37,20.13,20.43,20.03,67.65,0.0099
20-04-2017,20.17,20.43,20.61,20.02,92.24,-0.0098
19-04-2017,20.37,20.16,20.44,20.14,58.47,0.0175
18-04-2017,20.02,19.98,20.06,19.86,45.54,-0.004
17-04-2017,20.1,20.18,20.27,19.91,62.08,-0.0084
13-04-2017,20.27,19.78,20.49,19.69,139.27,0.0243
12-04-2017,19.79,20.42,20.56,19.75,90.76,-0.0384
11-04-2017,20.58,20.89,20.9,20.37,85.87,-0.012
10-04-2017,20.83,20.61,20.92,20.58,114.97,0.0327
07-04-2017,20.17,19.83,20.18,19.81,68.69,0.0131
06-04-2017,19.91,19.79,20.13,19.61,82.81,0.0122
05-04-2017,19.67,20.14,20.33,19.61,118.21,-0.0286
04-04-2017,20.25,19.79,20.32,19.64,152.02,0.0176
03-04-2017,19.9,19.13,19.93,18.97,208.33,0.0728
31-03-2017,18.55,18.58,18.65,18.42,49.42,0.0011
30-03-2017,18.53,18.54,18.8,18.48,62.23,0.0022
29-03-2017,18.49,18.56,18.64,18.37,55.14,-0.0005
28-03-2017,18.5,18.47,18.71,18.33,119.81,0.0272
27-03-2017,18.01,17.37,18.04,17.32,93.46,0.0268
24-03-2017,17.54,17.05,17.59,17,84.71,0.0324
23-03-2017,16.99,17.03,17.18,16.89,49.8,-0.0006
22-03-2017,17,16.77,17,16.7,60.89,0.0174
21-03-2017,16.71,17.52,17.65,16.68,103.63,-0.043
20-03-2017,17.46,17.37,17.64,17.25,54.21,0.0017
17-03-2017,17.43,17.6,17.69,17.41,97.46,-0.0023
16-03-2017,17.47,17.49,17.72,17.27,106.98,0.0246
15-03-2017,17.05,17.13,17.4,16.95,79.96,-0.0087
14-03-2017,17.2,16.41,17.21,16.4,113.98,0.0481
13-03-2017,16.41,16.32,16.46,16.19,45.34,0.0098
10-03-2017,16.25,16.41,16.43,16.2,45.99,-0.0049
09-03-2017,16.33,16.51,16.58,16.2,58.19,-0.0079
08-03-2017,16.46,16.47,16.67,16.35,55.93,-0.0066
07-03-2017,16.57,16.79,16.93,16.55,51.89,-0.0107
06-03-2017,16.75,16.53,16.78,16.5,50.33,-0.0012
03-03-2017,16.77,16.72,16.79,16.6,43.94,0.0042
02-03-2017,16.7,16.65,16.89,16.55,50.28,0.0018
28-02-2017,16.67,16.28,16.73,16.26,91.17,0.0152
27-02-2017,16.42,16.54,16.56,16.13,171.91,-0.0414
24-02-2017,17.13,16.84,17.22,16.68,122.57,0.0035
23-02-2017,17.07,17.6,17.64,17.04,223.73,-0.0636
22-02-2017,18.23,18.69,18.9,18.17,131.32,-0.0141
21-02-2017,18.49,18.36,18.76,18.27,85.15,0.0187
17-02-2017,18.15,17.72,18.19,17.61,93.86,0.0123
16-02-2017,17.93,18.51,18.67,17.9,106.16,-0.0386
15-02-2017,18.65,18.67,18.82,18.43,74.22,-0.0043
14-02-2017,18.73,18.6,19.16,18.57,110.18,0.0011
13-02-2017,18.71,18.05,18.72,18.03,105.44,0.0423
09-02-2017,17.95,17.75,18.08,17.74,117.3,0.0275
08-02-2017,17.47,17.16,17.56,17.08,59,0.0175
07-02-2017,17.17,17.21,17.33,17.09,63.67,-0.0006
06-02-2017,17.18,16.73,17.19,16.71,53.44,0.0251
03-02-2017,16.76,16.79,16.81,16.65,32.8,-0.0006
02-02-2017,16.77,16.56,16.83,16.51,37.5,0.009
01-02-2017,16.62,16.87,16.88,16.6,59.38,-0.0107
31-01-2017,16.8,16.62,17.06,16.51,61.74,0.0054
30-01-2017,16.71,16.84,17.02,16.47,57.02,-0.0089
27-01-2017,16.86,16.76,16.87,16.57,47.5,0.0018
26-01-2017,16.83,16.95,17.05,16.72,47.28,-0.0077
25-01-2017,16.96,17.15,17.23,16.79,77.2,-0.0006
24-01-2017,16.97,16.67,16.99,16.64,74.48,0.0229
23-01-2017,16.59,16.39,16.73,16.37,93.94,0.0165
20-01-2017,16.32,16.36,16.4,16.2,63.06,0.0043
19-01-2017,16.25,16.48,16.58,16.05,115.98,0.0227
18-01-2017,15.89,15.78,15.98,15.71,56.53,0.0115
17-01-2017,15.71,15.78,16,15.62,69.26,-0.0088
13-01-2017,15.85,15.33,15.86,15.31,91.39,0.0353
12-01-2017,15.31,15.27,15.38,15.04,56.85,-0.0007
10-01-2017,15.32,15.47,15.47,15.13,54.9,-0.0065
09-01-2017,15.42,15.26,15.46,15.2,59.69,0.0098
06-01-2017,15.27,15.13,15.35,15.03,82.92,0.0099
05-01-2017,15.12,15.09,15.17,14.8,88.68,-0.0007
04-01-2017,15.13,14.32,15.2,14.29,168.2,0.0456
03-01-2017,14.47,14.32,14.69,14.06,88.85,0.0154
30-12-2016,14.25,14.42,14.5,14.11,69.64,-0.0042
29-12-2016,14.31,14.57,14.61,14.27,60.67,-0.0232
28-12-2016,14.65,14.77,14.92,14.48,56.74,0.0007
27-12-2016,14.64,14.33,14.82,14.29,88.74,0.0295
23-12-2016,14.22,13.87,14.23,13.85,70.06,0.023
22-12-2016,13.9,13.88,14,13.77,46.67,0.0036
21-12-2016,13.85,13.9,14.15,13.83,78.11,-0.005
20-12-2016,13.92,13.54,13.93,13.5,70.34,0.0296
19-12-2016,13.52,13.5,13.63,13.32,52.32,0.0015
16-12-2016,13.5,13.21,13.51,13.17,56.95,0.0251
15-12-2016,13.17,13.23,13.38,13.16,48.29,-0.006
14-12-2016,13.25,13.25,13.53,13.12,62.26,0.003
13-12-2016,13.21,12.88,13.42,12.87,102.36,0.0296
12-12-2016,12.83,12.85,12.96,12.74,36.58,0.0016
09-12-2016,12.81,12.72,12.92,12.72,40.84,-0.0008
08-12-2016,12.82,12.8,12.83,12.64,47.91,-0.0047
07-12-2016,12.88,12.41,12.89,12.33,81.93,0.0395
06-12-2016,12.39,12.37,12.44,12.18,50.87,-0.0048
05-12-2016,12.45,12.17,12.59,12.17,61.08,0.0289
02-12-2016,12.1,12.19,12.33,12,60.63,-0.0025
01-12-2016,12.13,12.55,12.57,12.07,76.9,-0.0396
30-11-2016,12.63,12.73,12.79,12.5,53.21,-0.0008
29-11-2016,12.64,13.04,13.12,12.63,66.59,-0.0329
28-11-2016,13.07,13.03,13.29,12.97,67.94,-0.0031
25-11-2016,13.11,12.91,13.15,12.91,35.49,0.0179
23-11-2016,12.88,12.71,13.04,12.6,73.38,0.011
22-11-2016,12.74,12.39,12.76,12.25,84.05,0.0358
21-11-2016,12.3,12.34,12.59,12.29,65.42,-0.0024
18-11-2016,12.33,12.71,12.87,12.33,78.16,-0.0199
17-11-2016,12.58,12.23,12.63,12.14,73.31,0.0261
16-11-2016,12.26,12.18,12.32,12.08,51.52,0.0008
15-11-2016,12.25,12.19,12.43,12.14,58.53,0.0124
14-11-2016,12.1,12.53,12.55,11.88,98.28,-0.0374
11-11-2016,12.57,12.28,12.59,12.2,59.83,0.017
10-11-2016,12.36,12.74,12.77,12.03,101.26,-0.0245
09-11-2016,12.67,12.46,12.8,12.26,122.6,-0.0254
08-11-2016,13,12.92,13.17,12.75,49.01,0.0093
07-11-2016,12.88,12.91,12.95,12.67,58.05,0.0142
04-11-2016,12.7,12.6,12.9,12.4,77.19,0.0168
03-11-2016,12.49,12.6,12.76,12.47,39.8,-0.0032
02-11-2016,12.53,12.67,12.85,12.5,63.8,-0.0149
01-11-2016,12.72,13.2,13.23,12.54,105.9,-0.0349
31-10-2016,13.18,13.5,13.5,13.05,70.38,-0.0113
28-10-2016,13.33,13.6,13.69,13.32,64.2,-0.0199
27-10-2016,13.6,14.09,14.25,13.44,196.41,0.0089
26-10-2016,13.48,13.4,13.55,13.34,84.49,-0.0007
25-10-2016,13.49,13.53,13.65,13.41,36.68,-0.0022
24-10-2016,13.52,13.4,13.6,13.35,41.27,0.0135
21-10-2016,13.34,13.24,13.44,13.16,44.15,0.0053
20-10-2016,13.27,13.47,13.53,13.14,76.09,-0.0221
19-10-2016,13.57,13.32,13.78,13.2,104.87,0.0226
18-10-2016,13.27,13.07,13.3,12.88,85.21,0.0263
17-10-2016,12.93,13.14,13.23,12.8,68.31,-0.013
14-10-2016,13.1,13.38,13.43,13.09,64.05,-0.0187
13-10-2016,13.35,13.37,13.39,13.14,37.43,-0.006
12-10-2016,13.43,13.4,13.59,13.36,29.56,0.0067
11-10-2016,13.34,13.46,13.48,13.22,34.93,-0.0045
10-10-2016,13.4,13.42,13.61,13.31,49.74,0.0221
07-10-2016,13.11,13.4,13.42,13.05,52.4,-0.0216
06-10-2016,13.4,13.5,13.61,13.35,70.55,-0.036
05-10-2016,13.9,14.15,14.21,13.87,28.16,-0.0135
04-10-2016,14.09,14.21,14.22,13.92,53.12,-0.0112
03-10-2016,14.25,14.15,14.38,13.88,90,0.0478
30-09-2016,13.6,13.48,13.67,13.3,38.79,0.0164
29-09-2016,13.38,13.71,13.82,13.37,40.91,-0.0269
28-09-2016,13.75,13.83,13.88,13.68,31.33,0.0022
27-09-2016,13.72,13.98,14,13.64,50.6,-0.0151
26-09-2016,13.93,13.77,14.07,13.77,35.92,0.0072
23-09-2016,13.83,13.73,14.01,13.71,43.58,0.0051
22-09-2016,13.76,13.76,13.82,13.53,35.74,0.0058
21-09-2016,13.68,13.76,13.8,13.44,39.5,0.0029
20-09-2016,13.64,13.79,13.85,13.59,36.16,-0.0087
19-09-2016,13.76,13.8,13.96,13.67,34.49,0.0051
16-09-2016,13.69,13.36,13.71,13.27,46.62,0.0247
15-09-2016,13.36,13.1,13.5,13.09,46.28,0.0206
14-09-2016,13.09,13.05,13.19,12.99,33.89,0.0015
13-09-2016,13.07,13.14,13.23,12.9,53.84,-0.0113
12-09-2016,13.22,13,13.42,12.94,55.73,0.0201
09-09-2016,12.96,13.27,13.33,12.91,56.35,-0.0152
08-09-2016,13.16,13.3,13.33,13.09,50.67,-0.0216
07-09-2016,13.45,13.7,13.77,13.38,54.61,-0.0052
06-09-2016,13.52,13.27,13.55,13.27,65.86,0.025
02-09-2016,13.19,13.49,13.55,13.08,89.66,-0.0142
01-09-2016,13.38,13.93,14.07,13.37,119.15,-0.0531
31-08-2016,14.13,14.03,14.17,13.91,49.15,0.0028
30-08-2016,14.09,14.41,14.41,14.03,47.53,-0.0181
29-08-2016,14.35,14.68,14.69,14.33,49,-0.0218
26-08-2016,14.67,14.81,14.86,14.59,33.58,-0.0041
25-08-2016,14.73,14.87,14.92,14.72,26.44,-0.0074
24-08-2016,14.84,15.14,15.14,14.81,38.56,-0.01
23-08-2016,14.99,14.95,15.23,14.85,71.77,0.0087
22-08-2016,14.86,14.94,15.01,14.85,30.98,-0.0093
19-08-2016,15,14.9,15.01,14.84,24.89,0.0067
18-08-2016,14.9,14.92,15.04,14.82,25.72,0.0013
17-08-2016,14.88,14.96,14.99,14.85,26.81,-0.002
16-08-2016,14.91,15.03,15.15,14.89,34.01,-0.0086
12-08-2016,15.04,15.03,15.11,14.94,27.2,0.0033
11-08-2016,14.99,15.08,15.17,14.89,28.21,-0.0033
10-08-2016,15.04,15.22,15.32,14.97,35.07,-0.0151
09-08-2016,15.27,15.12,15.44,15.11,33.12,0.0126
08-08-2016,15.08,15.2,15.31,15.07,33.95,-0.0169
05-08-2016,15.34,15.33,15.47,15.16,48.08,-0.002
04-08-2016,15.37,15.05,15.39,14.8,62.21,0.0213
03-08-2016,15.05,15.16,15.31,14.95,58.32,-0.0066
02-08-2016,15.15,15.29,15.32,14.76,59.02,-0.0117
01-08-2016,15.33,15.7,15.78,15.29,60.24,-0.0204
29-07-2016,15.65,15.38,15.69,15.35,46.06,0.0182
28-07-2016,15.37,15.2,15.38,15.11,36.29,0.0092
27-07-2016,15.23,15.29,15.56,15.13,43.34,-0.0046
26-07-2016,15.3,15.18,15.33,15.02,51.45,-0.002
25-07-2016,15.33,14.82,15.43,14.76,67.36,0.0344
22-07-2016,14.82,14.8,14.97,14.59,38.7,0.0082
21-07-2016,14.7,15.07,15.19,14.61,66.43,-0.0342
20-07-2016,15.22,15.1,15.32,15,38.53,0.0133
19-07-2016,15.02,15,15.27,14.98,46.73,-0.004
18-07-2016,15.08,14.64,15.14,14.55,51.18,0.0265
15-07-2016,14.69,14.83,14.85,14.64,33.51,-0.0054
14-07-2016,14.77,14.87,15,14.74,40.14,-0.0047
13-07-2016,14.84,15.03,15.04,14.69,53.51,-0.0093
12-07-2016,14.98,14.94,15.17,14.88,68.64,-0.0007
11-07-2016,14.99,14.66,15.12,14.63,81.45,0.0374
08-07-2016,14.45,14.52,14.65,14.3,61.12,0.0035
07-07-2016,14.4,14.21,14.54,14.2,54.18,0.007
06-07-2016,14.3,14,14.35,13.93,73.8,0.0021
05-07-2016,14.27,13.98,14.3,13.87,77.63,-0.0111
01-07-2016,14.43,13.74,14.55,13.73,81,0.0198
30-06-2016,14.15,14.2,14.23,13.93,72.65,0.01
29-06-2016,14.01,13.68,14.12,13.53,89.92,0.0416
28-06-2016,13.45,13.46,13.6,13.29,93.19,0.0159
27-06-2016,13.24,12.72,13.25,12.52,108.3,0.028
24-06-2016,12.88,12.67,13.01,12.65,105.4,-0.016
23-06-2016,13.09,13.05,13.17,12.81,151.96,-0.0015
22-06-2016,13.11,13.3,13.73,13.05,356.14,-0.1045
21-06-2016,14.64,14.71,14.84,14.59,67.94,-0.0007
20-06-2016,14.65,14.63,14.92,14.55,53.33,0.0202
17-06-2016,14.36,14.52,14.67,14.3,46.69,-0.0117
16-06-2016,14.53,14.49,14.54,14.23,36.6,0.0014
15-06-2016,14.51,14.46,14.79,14.34,43.63,0.0126
14-06-2016,14.33,14.59,14.81,14.17,53.7,-0.0131
13-06-2016,14.52,14.63,15.05,14.51,62.9,-0.0048
10-06-2016,14.59,15.16,15.2,14.56,90.4,-0.0458
09-06-2016,15.29,15.67,15.69,15.14,67.38,-0.0261
08-06-2016,15.7,15.59,16.06,15.51,89.58,0.0136
07-06-2016,15.49,14.82,15.63,14.77,93.2,0.053
06-06-2016,14.71,14.53,14.73,14.36,33.74,0.0075
02-06-2016,14.6,14.64,14.66,14.47,30.49,-0.0027
01-06-2016,14.64,14.77,14.83,14.46,44.74,-0.0161
31-05-2016,14.88,14.87,14.98,14.77,41.84,0.0007
27-05-2016,14.87,15,15.06,14.72,54.75,-0.0093
26-05-2016,15.01,14.7,15.02,14.6,61.09,0.0253
25-05-2016,14.64,14.53,14.76,14.43,46.99,0.0076
24-05-2016,14.53,14.44,14.58,14.35,45.21,0.0083
23-05-2016,14.41,14.66,14.84,14.39,76.54,-0.0191
20-05-2016,14.69,14.47,14.7,14.42,135.11,0.0237
19-05-2016,14.35,14.24,14.45,13.82,102.99,0.0192
18-05-2016,14.08,13.94,14.35,13.85,84.26,0.0323
17-05-2016,13.64,13.94,13.99,13.6,42.65,-0.018
16-05-2016,13.89,13.88,14.21,13.86,44.24,0.0036
13-05-2016,13.84,13.85,14.08,13.78,42.34,0.0014
12-05-2016,13.82,14.1,14.11,13.58,54.76,-0.0079
11-05-2016,13.93,13.84,14.37,13.74,77.43,0.0014
10-05-2016,13.91,13.84,13.96,13.67,61.06,-0.0014
09-05-2016,13.93,14.38,14.41,13.79,71.65,-0.0279
06-05-2016,14.33,14.06,14.42,13.87,85.28,0.0163
05-05-2016,14.1,15.23,15.24,13.99,168.82,-0.0499
04-05-2016,14.84,15.35,15.63,14.69,130.51,-0.042
03-05-2016,15.49,15.82,15.93,15.44,64.53,-0.0391
02-05-2016,16.12,16.1,16.21,15.65,57.66,0.0044
29-04-2016,16.05,16.54,16.56,15.85,81.21,-0.0279
28-04-2016,16.51,16.66,16.9,16.5,37.78,-0.0149
27-04-2016,16.76,16.85,17,16.63,48.09,-0.0095
26-04-2016,16.92,16.8,17.05,16.63,48.36,0.0077
25-04-2016,16.79,16.87,17.16,16.72,55.06,-0.0077
22-04-2016,16.92,16.59,16.93,16.38,56.79,0.0224
21-04-2016,16.55,16.6,16.73,16.46,41.75,-0.0066
20-04-2016,16.66,16.42,16.91,16.1,77.91,0.0103
19-04-2016,16.49,16.87,16.96,16.08,95.36,-0.026
18-04-2016,16.93,16.82,17.22,16.78,64.07,-0.0024
15-04-2016,16.97,16.75,16.97,16.61,56.29,0.0107
14-04-2016,16.79,16.87,17.12,16.74,61.98,-0.0106
13-04-2016,16.97,16.57,17.03,16.49,73.88,0.0272
12-04-2016,16.52,16.63,16.79,16.24,86.45,-0.0084
11-04-2016,16.66,16.73,17.27,16.35,137.43,-0.0006
08-04-2016,16.67,17.37,17.39,16.53,110.46,-0.028
07-04-2016,17.15,17.76,17.96,16.97,132.84,-0.0305
06-04-2016,17.69,16.93,17.85,16.9,175.58,0.0388
05-04-2016,17.03,16.03,17.1,16,149.23,0.034
04-04-2016,16.47,16.61,16.81,16.24,202.13,0.0398
01-04-2016,15.84,16.32,16.53,15.55,239.96,0.0339
31-03-2016,15.32,15.29,15.83,15,120.19,0.0126
30-03-2016,15.13,15.67,15.7,15.1,60.49,-0.0137
29-03-2016,15.34,15.33,15.49,15.02,60.22,-0.0007
28-03-2016,15.35,15.44,15.65,15,58.89,0.0112
24-03-2016,15.18,14.39,15.26,14.33,74.41,0.0229
23-03-2016,14.84,15.49,15.65,14.8,74.23,-0.0499
22-03-2016,15.62,15.81,15.93,15.5,64.74,-0.017
21-03-2016,15.89,15.69,15.99,15.67,79.62,0.0238
18-03-2016,15.52,15.27,15.63,15.2,70.68,0.0285
17-03-2016,15.09,14.76,15.23,14.67,56.74,0.0196
16-03-2016,14.8,14.53,14.84,14.47,52.75,0.0165
15-03-2016,14.56,14.28,14.6,14.1,47.71,0.0153
14-03-2016,14.34,14.18,14.45,14.04,60.99,0.0369
11-03-2016,13.83,13.86,13.96,13.69,50.15,0.011
10-03-2016,13.68,14,14.22,13.38,77.89,-0.0165
09-03-2016,13.91,13.63,13.96,13.52,48.13,0.0296
08-03-2016,13.51,13.57,13.83,13.48,62.68,-0.0131
07-03-2016,13.69,13.18,13.98,13.16,80.06,0.0216
04-03-2016,13.4,13.2,13.6,13.17,97.34,0.0268
03-03-2016,13.05,12.55,13.16,12.28,72.44,0.039
02-03-2016,12.56,12.25,12.57,12.1,72.94,0.0113
01-03-2016,12.42,12.95,13.06,12.18,100.68,-0.0297
29-02-2016,12.8,12.83,13.09,12.61,67.49,0.0087
26-02-2016,12.69,12.58,12.8,12.33,90.98,0.0152
25-02-2016,12.5,11.91,12.57,11.68,86.26,0.0478
24-02-2016,11.93,11.52,11.97,11.19,80.93,0.0102
23-02-2016,11.81,11.74,12.12,11.58,89.77,-0.0034
22-02-2016,11.85,11.34,11.93,11.32,75.9,0.0666
19-02-2016,11.11,10.91,11.17,10.83,44.39,-0.0009
18-02-2016,11.12,11.49,11.53,10.98,58.31,-0.0116
17-02-2016,11.25,10.6,11.29,10.45,87.38,0.088
16-02-2016,10.34,10.58,10.86,10.27,83.91,0.0268
12-02-2016,10.07,10.33,10.47,9.58,108.54,0.004
11-02-2016,10.03,10.13,10.88,9.8,213.79,0.047
10-02-2016,9.58,10.03,10.33,9.45,156.1,-0.0304
09-02-2016,9.88,9.49,10.65,9.4,129.77,0.001
08-02-2016,9.87,10.47,10.48,9.73,139.69,-0.0895
05-02-2016,10.84,11.42,11.53,10.52,141.56,-0.0727
04-02-2016,11.69,11.38,11.73,11.13,65.78,0.0104
03-02-2016,11.57,12.24,12.26,11.35,118.97,-0.0509
02-02-2016,12.19,12.83,12.87,12.02,86.6,-0.0716
01-02-2016,13.13,12.58,13.3,12.18,79.46,0.0298
29-01-2016,12.75,12.66,12.92,12.54,42.78,0.0079
28-01-2016,12.65,12.72,12.75,12.16,68.89,0.0088
27-01-2016,12.54,12.83,12.88,12.38,54.26,-0.0279
26-01-2016,12.9,13.11,13.19,12.59,74.46,-0.0145
25-01-2016,13.09,13.34,13.57,13.06,40.48,-0.0304
22-01-2016,13.5,13.65,13.7,13.27,46.86,0.0128
21-01-2016,13.33,13.44,13.55,13,47.49,0.006
20-01-2016,13.25,13.29,13.42,12.75,87.58,-0.0293
19-01-2016,13.65,13.91,14.03,13.39,60.58,-0.0015
15-01-2016,13.67,13.26,13.67,13.15,83.68,-0.0058
14-01-2016,13.75,13.48,14,12.89,97.36,0.03
13-01-2016,13.35,14.13,14.18,13.33,61.9,-0.0464
12-01-2016,14,14.11,14.25,13.69,46.38,0.0101
11-01-2016,13.86,14.27,14.3,13.53,61.37,-0.0149
08-01-2016,14.07,14.52,14.7,14.05,54.42,-0.0216
07-01-2016,14.38,14.28,14.56,14.24,53.31,-0.0151
06-01-2016,14.6,14.67,14.67,14.4,56.69,-0.0201
05-01-2016,14.9,15.09,15.13,14.67,47.8,0.0007
04-01-2016,14.89,15.38,15.43,14.6,102.41,-0.0694
31-12-2015,16,15.9,16.23,15.89,40.73,0.0082
30-12-2015,15.87,15.77,16.24,15.71,55.47,0.0038
29-12-2015,15.81,15.34,15.85,15.3,36.09,0.036
28-12-2015,15.26,15.43,15.47,15.04,28.52,-0.0072
24-12-2015,15.37,15.37,15.46,15.22,10.65,0.0039
23-12-2015,15.31,15.48,15.56,15.21,23.32,-0.0013
22-12-2015,15.33,15.67,15.77,15.31,29.42,-0.011
21-12-2015,15.5,15.45,15.72,15.41,29.3,0.0091
18-12-2015,15.36,15.53,15.73,15.29,45.21,-0.0129
17-12-2015,15.56,15.6,15.85,15.32,49.48,-0.0045
16-12-2015,15.63,14.81,15.66,14.72,76.57,0.0604
15-12-2015,14.74,14.79,14.81,14.53,33.67,0.0117
14-12-2015,14.57,14.5,14.73,14.32,42.47,0.0069
11-12-2015,14.47,15.02,15.05,14.44,49.03,-0.0443
10-12-2015,15.14,14.98,15.23,14.91,31.08,0.0114
09-12-2015,14.97,15.11,15.17,14.71,45.87,-0.0093
08-12-2015,15.11,15.17,15.25,14.95,40.31,-0.0195
07-12-2015,15.41,15.18,15.71,15.08,47.16,0.0033
04-12-2015,15.36,15.5,15.55,15.18,38.6,-0.0097
03-12-2015,15.51,15.7,15.83,15.33,44.09,0.0026
02-12-2015,15.47,15.8,15.91,15.42,44.72,-0.0215
01-12-2015,15.81,15.4,15.87,15.4,56.01,0.03
30-11-2015,15.35,15.45,15.62,15.27,39.9,-0.0058
27-11-2015,15.44,15.4,15.48,15.13,29.24,0.0085
25-11-2015,15.31,14.76,15.39,14.69,59.86,0.0522
24-11-2015,14.55,14.36,14.73,14.33,37.2,0.0021
23-11-2015,14.52,14.49,14.61,14.31,37.89,-0.0102
20-11-2015,14.67,14.9,15,14.24,66.01,-0.0081
19-11-2015,14.79,14.7,15.08,14.69,37.57,0.0034
18-11-2015,14.74,14.3,14.76,14.17,42.18,0.0329
17-11-2015,14.27,14.35,14.4,14.09,32.23,-0.0014
16-11-2015,14.29,13.74,14.33,13.72,43.88,0.0348
13-11-2015,13.81,14.2,14.2,13.77,51.45,-0.0275
12-11-2015,14.2,14.52,14.6,14.18,43.74,-0.0281
11-11-2015,14.61,14.52,14.63,14.24,50.22,0.0125
10-11-2015,14.43,14.9,14.91,14.41,69.26,-0.0393
09-11-2015,15.02,15.53,15.53,14.95,57.76,-0.0303
06-11-2015,15.49,15.38,15.56,15.3,36.68,0.0026
05-11-2015,15.45,15.37,15.64,15.28,67.45,0.0006
04-11-2015,15.44,15.13,15.52,15.01,190.9,0.1116
03-11-2015,13.89,14.26,14.3,13.85,124.99,-0.0253
02-11-2015,14.25,13.93,14.39,13.81,58.92,0.0326
30-10-2015,13.8,14.03,14.11,13.59,66.58,-0.022
29-10-2015,14.11,14.12,14.25,14.04,27.08,-0.0063
28-10-2015,14.2,14.09,14.23,13.89,40.93,0.0128
27-10-2015,14.02,14.32,14.47,13.83,52.79,-0.023
26-10-2015,14.35,14.09,14.39,14,50.87,0.0294
23-10-2015,13.94,14.33,14.36,13.85,63.53,-0.012
22-10-2015,14.11,14.1,14.38,13.96,42.38,0.0071
21-10-2015,14.01,14.13,14.32,13.92,62.75,-0.0134
20-10-2015,14.2,15.18,15.24,13.47,223.5,-0.0664
19-10-2015,15.21,15.1,15.41,15,37.62,0.0053
16-10-2015,15.13,14.87,15.37,14.86,65.02,0.0258
15-10-2015,14.75,14.43,14.78,14.25,42.66,0.0201
14-10-2015,14.46,14.71,14.73,14.36,46.57,-0.0109
13-10-2015,14.62,14.22,14.83,14.08,77.57,0.0174
12-10-2015,14.37,14.87,14.87,14.35,57.54,-0.0231
09-10-2015,14.71,14.73,14.96,14.56,92.38,-0.0265
08-10-2015,15.11,15.34,15.38,14.75,92,-0.0226
07-10-2015,15.46,15.78,15.85,15.27,102.21,-0.0398
06-10-2015,16.1,16,16.2,15.71,78.54,-0.0189
05-10-2015,16.41,16.59,16.66,16.28,55.35,-0.0055
02-10-2015,16.5,15.71,16.51,15.66,66.36,0.0319
01-10-2015,15.99,16.5,16.57,15.81,68.59,-0.0344
30-09-2015,16.56,16.8,16.83,16.16,73.94,0.0073
29-09-2015,16.44,16.7,16.98,16.36,55.55,-0.0072
28-09-2015,16.56,17.16,17.32,16.44,73.52,-0.0333
25-09-2015,17.13,17.77,17.79,17.08,56.6,-0.0234
24-09-2015,17.54,17.3,17.56,17.08,51.72,0.008
22-09-2015,17.4,17.27,17.51,17.06,54.97,-0.0119
21-09-2015,17.61,17.6,18.1,17.05,91.8,0.0138
18-09-2015,17.37,17.2,17.59,17.17,56.45,-0.0057
17-09-2015,17.47,17.6,17.7,17.38,53.79,-0.0006
16-09-2015,17.48,16.87,17.53,16.86,66.26,0.0343
15-09-2015,16.9,16.85,16.97,16.63,44,0.0012
14-09-2015,16.88,16.74,16.95,16.64,43.36,0.012
11-09-2015,16.68,16.51,16.68,16.32,35.26,0.0066
10-09-2015,16.57,16.48,16.71,16.36,40.64,-0.0012
09-09-2015,16.59,16.8,16.95,16.55,50.86,0.003
08-09-2015,16.54,16.34,16.61,16.27,47.07,0.0254
04-09-2015,16.13,16.06,16.27,15.88,55.34,-0.0147
03-09-2015,16.37,16.8,16.81,16.33,62.92,-0.0085
02-09-2015,16.51,16.35,16.53,15.99,69.44,0.0377
01-09-2015,15.91,16.02,16.4,15.8,81.82,-0.0416
31-08-2015,16.6,16.37,17,16.37,70.5,0.0018
28-08-2015,16.57,16.12,16.76,16.1,82.71,0.0228
27-08-2015,16.2,15.4,16.32,15.39,114.84,0.0807
26-08-2015,14.99,15.2,15.2,14.37,74.45,0.0218
25-08-2015,14.67,15.37,15.39,14.61,64.91,0.0055
24-08-2015,14.59,13.52,15.43,13,143.72,-0.0514
21-08-2015,15.38,15.73,16.25,15.37,98.85,-0.0477
20-08-2015,16.15,16.8,16.97,16.13,73.59,-0.0511
19-08-2015,17.02,17.36,17.38,17,54.06,-0.0207
18-08-2015,17.38,17.03,17.4,16.9,62.93,0.0224
17-08-2015,17,17.04,17.11,16.7,107.65,0.0487
14-08-2015,16.21,16.48,16.53,16.12,65.47,0.0025
13-08-2015,16.17,15.99,16.43,15.94,70.34,0.0183
12-08-2015,15.88,15.67,15.98,15.52,56.09,0.0038
11-08-2015,15.82,15.81,15.95,15.63,63.97,-0.0162
10-08-2015,16.08,15.88,16.2,15.74,62.79,-0.0056
07-08-2015,16.17,16.24,16.25,15.89,76.1,-0.0146
06-08-2015,16.41,16.64,17,15.74,219.36,-0.0888
05-08-2015,18.01,17.57,18.07,17.36,93.21,0.0146
04-08-2015,17.75,17.33,17.78,17.22,35.29,0.0242
03-08-2015,17.33,17.75,17.78,17.14,38.3,-0.0231
31-07-2015,17.74,17.84,17.96,17.67,33.34,-0.0028
30-07-2015,17.79,17.51,17.8,17.47,30.52,0.0114
29-07-2015,17.59,17.62,17.86,17.47,41.85,-0.0034
28-07-2015,17.65,17.05,17.69,16.79,58.44,0.0462
27-07-2015,16.87,17.5,17.63,16.72,70.41,-0.0464
24-07-2015,17.69,17.83,18.07,17.59,42.55,-0.0067
23-07-2015,17.81,17.98,17.99,17.68,33.41,-0.0028
22-07-2015,17.86,17.42,17.96,17.39,46.57,0.0045
21-07-2015,17.78,18,18.23,17.77,91.63,-0.0553
20-07-2015,18.82,18.33,19.11,18.17,74.68,0.0279
17-07-2015,18.31,18.17,18.37,17.88,75.06,0.0298
16-07-2015,17.78,17.61,17.81,17.54,24.24,0.0137
15-07-2015,17.54,17.78,17.83,17.47,30.32,-0.0096
14-07-2015,17.71,17.47,17.73,17.37,28.61,0.0132
13-07-2015,17.48,17.48,17.5,17.07,44.4,0.0116
10-07-2015,17.28,17.48,17.53,17.19,39.16,0.0052
09-07-2015,17.19,17.27,17.53,17.12,50.01,0.0112
08-07-2015,17,17.29,17.39,16.95,93.32,-0.0482
07-07-2015,17.86,18.33,18.35,17.38,91.58,-0.0424
06-07-2015,18.65,18.59,18.78,18.42,61.83,-0.0011
02-07-2015,18.67,18.68,18.83,18.22,107.46,0.0407
01-07-2015,17.94,18.07,18.17,17.86,31.52,0.0034
30-06-2015,17.88,17.65,18.06,17.6,46.3,0.0235
29-06-2015,17.47,17.46,17.73,17.38,52.18,-0.0191
26-06-2015,17.81,17.93,17.94,17.73,57.58,-0.0061
25-06-2015,17.92,17.76,18.09,17.68,42.74,0.0136
24-06-2015,17.68,17.8,17.82,17.58,36.18,-0.009
23-06-2015,17.84,17.35,17.87,17.24,58.06,0.03
22-06-2015,17.32,17.48,17.63,17.05,68.42,-0.0103
19-06-2015,17.5,17.49,17.59,17.34,36.95,0.0023
18-06-2015,17.46,17.47,17.56,17.33,41.74,0.0058
17-06-2015,17.36,16.81,17.62,16.8,82.69,0.029
16-06-2015,16.87,16.68,16.9,16.61,29.77,0.0108
15-06-2015,16.69,16.65,16.75,16.4,32.79,-0.0012
12-06-2015,16.71,16.68,16.9,16.68,21.34,-0.003
11-06-2015,16.76,16.88,16.96,16.7,30.66,0.003
10-06-2015,16.71,16.79,16.93,16.57,51.82,-0.0211
09-06-2015,17.07,17.03,17.18,16.94,39.17,-0.0012
08-06-2015,17.09,16.72,17.25,16.69,75.26,0.0289
05-06-2015,16.61,16.4,16.65,16.38,45.33,0.0134
04-06-2015,16.39,16.5,16.62,16.38,36.8,-0.0127
03-06-2015,16.6,16.55,16.71,16.47,26.72,0.0024
02-06-2015,16.56,16.59,16.63,16.42,32.02,-0.0042
01-06-2015,16.63,16.76,16.77,16.5,37.58,-0.0054
29-05-2015,16.72,16.73,16.86,16.63,56.84,-0.0024
28-05-2015,16.76,16.47,16.79,16.34,54.71,0.0158
26-05-2015,16.5,16.51,16.8,16.43,52.48,-0.0012
22-05-2015,16.52,16.36,16.57,16.33,33.35,0.0092
21-05-2015,16.37,16.2,16.44,16.16,29.56,0.0049
20-05-2015,16.29,16.48,16.52,16.09,56.33,-0.0115
19-05-2015,16.48,16.56,16.73,16.41,55.11,-0.006
18-05-2015,16.58,16.47,16.66,16.4,50.3,-0.0006
15-05-2015,16.59,16.26,16.63,16.17,67.91,0.0197
14-05-2015,16.27,16.32,16.33,16.08,43.44,0.0037
13-05-2015,16.21,16.51,16.55,16.15,81.6,-0.0067
12-05-2015,16.32,16.01,16.42,15.88,95.45,0.0219
11-05-2015,15.97,15.75,16.19,15.69,85.08,0.0127
08-05-2015,15.77,15.73,15.89,15.58,70.02,-0.0013
07-05-2015,15.79,14.73,15.83,14.68,141.84,0.028
06-05-2015,15.36,15.61,15.63,15.21,79.06,-0.0109
05-05-2015,15.53,15.85,15.97,15.28,86.95,0.0104
04-05-2015,15.37,15.21,15.65,15.14,66.52,0.0199
30-04-2015,15.07,15.36,15.53,15.01,58.68,-0.0277
29-04-2015,15.5,15.34,15.66,15.18,59.04,0.0085
28-04-2015,15.37,15.65,15.7,15.2,91.28,-0.0045
27-04-2015,15.44,14.84,15.92,14.8,175.09,0.0604
24-04-2015,14.56,14.7,14.72,14.53,36.42,-0.0007
23-04-2015,14.57,14.55,14.77,14.48,66.17,-0.0041
22-04-2015,14.63,14.17,14.79,14.11,117.95,0.048
21-04-2015,13.96,13.72,14.05,13.62,51.49,0.0205
20-04-2015,13.68,13.79,13.86,13.59,38.39,-0.008
17-04-2015,13.79,13.67,13.79,13.57,37.05,0.0007
16-04-2015,13.78,13.85,13.94,13.75,24.89,-0.0058
15-04-2015,13.86,13.83,13.97,13.77,29.29,0.0022
14-04-2015,13.83,13.9,13.97,13.7,45.39,-0.0114
13-04-2015,13.99,14.03,14.2,13.94,56.37,-0.005
10-04-2015,14.06,13.99,14.11,13.93,61.02,0.0036
09-04-2015,14.01,13.9,14.02,13.74,57,0.0123
08-04-2015,13.84,13.88,14.06,13.72,94.55,0.0214
07-04-2015,13.55,13.5,13.67,13.41,65.22,0.0007
06-04-2015,13.54,13.2,13.85,13.17,186.84,0.0636
02-04-2015,12.73,12.68,12.88,12.67,75.16,0.0176
01-04-2015,12.51,12.58,12.82,12.4,56.92,-0.0056
31-03-2015,12.58,12.9,12.92,12.56,75.4,-0.0094
30-03-2015,12.7,12.39,12.82,12.12,151.34,0.03
27-03-2015,12.33,12.6,12.62,12.09,129.07,-0.0284
26-03-2015,12.69,12.93,12.99,12.65,61.92,-0.0201
25-03-2015,12.95,13.22,13.24,12.85,85.96,-0.0372
24-03-2015,13.45,13.44,13.59,13.32,54.75,0.0105
23-03-2015,13.31,13.23,13.37,13.16,39.47,0.0076
20-03-2015,13.21,13.16,13.27,13.04,64.04,0.013
19-03-2015,13.04,13.47,13.64,12.97,127.13,-0.0254
18-03-2015,13.38,13,13.39,12.87,72.31,0.0308
17-03-2015,12.98,13.03,13.25,12.93,73.41,-0.0054
16-03-2015,13.05,12.8,13.06,12.65,84.43,0.0374
13-03-2015,12.58,12.6,12.78,12.49,81.51,-0.0126
12-03-2015,12.74,12.92,12.96,12.65,62.24,-0.0139
11-03-2015,12.92,12.74,13.08,12.73,74.62,0.0181
10-03-2015,12.69,12.56,12.9,12.51,83.7,-0.0031
09-03-2015,12.73,12.96,12.97,12.55,101.05,-0.0155
06-03-2015,12.93,13.28,13.38,12.81,100.69,-0.0336
05-03-2015,13.38,13.52,13.75,13.34,73.16,-0.0089
04-03-2015,13.5,13.28,13.5,13.15,63.33,0.015
03-03-2015,13.3,13.12,13.35,13.02,66.49,0.0114
02-03-2015,13.15,13.51,13.56,13.05,118.83,-0.0302
27-02-2015,13.56,13.79,13.9,13.52,58.23,-0.0181
26-02-2015,13.81,13.6,14.07,13.48,97.09,0.0169
25-02-2015,13.58,13.66,13.81,13.51,58.64,-0.0022
24-02-2015,13.61,13.82,13.82,13.45,99.05,-0.0152
23-02-2015,13.82,14.38,14.55,13.76,127.5,-0.0449
20-02-2015,14.47,14.05,14.51,13.99,89.73,0.0255
19-02-2015,14.11,13.67,14.16,13.58,77.31,0.0352
18-02-2015,13.63,13.61,13.74,13.51,40.7,0.0007
17-02-2015,13.62,13.71,13.71,13.43,59.69,0.0029
13-02-2015,13.58,13.53,13.73,13.39,92.87,0.0037
12-02-2015,13.53,12.9,13.54,12.89,234.74,-0.0465
11-02-2015,14.19,14.15,14.32,13.82,146.54,-0.016
10-02-2015,14.42,14.5,14.7,14.33,80.86,-0.0055
09-02-2015,14.5,14.36,14.53,14.13,52.09,0.0007
06-02-2015,14.49,14.8,14.89,14.43,48.66,-0.0163
05-02-2015,14.73,14.66,15.03,14.64,52.84,0.011
04-02-2015,14.57,14.55,14.77,14.45,49.58,0.0007
03-02-2015,14.56,14.21,14.69,14.08,72.39,0.0356
02-02-2015,14.06,13.6,14.13,13.55,62.24,0.0361
30-01-2015,13.57,13.6,13.83,13.53,45.1,-0.008
29-01-2015,13.68,13.4,13.73,13.1,53.22,0.0293
28-01-2015,13.29,13.74,13.76,13.23,47.24,-0.032
27-01-2015,13.73,13.63,13.87,13.55,41.72,-0.0029
26-01-2015,13.77,13.46,13.91,13.4,48.52,0.0261
23-01-2015,13.42,13.35,13.57,13.22,51.64,-0.0015
22-01-2015,13.44,13.13,13.55,13.01,61.75,0.026
21-01-2015,13.1,12.64,13.25,12.63,62.3,0.0234
20-01-2015,12.8,12.92,12.94,12.47,67.55,-0.0054
16-01-2015,12.87,12.71,12.97,12.64,54.05,0.0063
15-01-2015,12.79,12.97,13.05,12.67,78.25,-0.0047
14-01-2015,12.85,12.39,13.01,12.33,173.28,-0.0565
13-01-2015,13.62,13.55,13.84,13.39,67.16,0.0104
12-01-2015,13.48,13.54,13.63,13.28,89.25,-0.0218
09-01-2015,13.78,13.93,14,13.66,70.02,-0.0185
08-01-2015,14.04,14.19,14.25,14,51.64,-0.0014
07-01-2015,14.06,14.22,14.32,13.99,44.53,-0.0021
06-01-2015,14.09,14,14.28,13.61,93.93,0.0057
05-01-2015,14.01,14.3,14.43,13.81,80.53,-0.0417
02-01-2015,14.62,14.86,14.88,14.22,71.47,-0.0142
